{"stats":{"minecraft:killed":{"minecraft:skeleton":1,"minecraft:chicken":13,"minecraft:pig":6,"minecraft:iron_golem":1,"minecraft:sheep":11,"minecraft:zombie":2,"minecraft:cow":5},"minecraft:crafted":{"minecraft:oak_planks":64,"minecraft:furnace":1,"minecraft:iron_axe":4,"minecraft:stone_pickaxe":49,"minecraft:chest":6,"minecraft:oak_fence":15,"minecraft:golden_boots":1,"minecraft:crafting_table":1,"minecraft:wooden_pickaxe":2,"minecraft:stone_axe":49,"minecraft:oak_boat":1,"minecraft:white_wool":472,"minecraft:stick":8,"minecraft:iron_pickaxe":1,"minecraft:stone_sword":1,"minecraft:gold_ingot":4,"minecraft:white_bed":47,"minecraft:torch":20},"minecraft:dropped":{"minecraft:water_bucket":1,"minecraft:oak_slab":46,"minecraft:wheat_seeds":8,"minecraft:lapis_lazuli":5,"minecraft:oak_log":189,"minecraft:mossy_cobblestone":42,"minecraft:crafting_table":1,"minecraft:oak_fence":39,"minecraft:feather":2,"minecraft:cobblestone":385,"minecraft:apple":1,"minecraft:leather":4,"minecraft:granite":6,"minecraft:red_mushroom":6,"minecraft:cobblestone_stairs":5,"minecraft:stick":448,"minecraft:dirt":51,"minecraft:diorite":4,"minecraft:torch":51,"minecraft:iron_leggings":1,"minecraft:oak_stairs":144,"minecraft:stripped_oak_wood":1,"minecraft:smooth_stone":1,"minecraft:iron_pickaxe":1,"minecraft:paper":3,"minecraft:string":17,"farmersdelight:rich_soil":6,"minecraft:birch_log":22,"minecraft:white_wool":401,"minecraft:cauldron":1,"minecraft:oak_door":8,"minecraft:furnace":1,"minecraft:oak_trapdoor":4,"minecraft:golden_chestplate":1,"minecraft:stone_sword":1,"minecraft:bowl":1,"minecraft:birch_sapling":108,"minecraft:stone_shovel":1,"minecraft:rotten_flesh":2,"minecraft:oak_planks":350,"minecraft:iron_boots":2,"minecraft:stripped_oak_log":17,"minecraft:poppy":2,"minecraft:oak_fence_gate":1,"minecraft:allium":23,"minecraft:chest":2,"minecraft:oak_boat":1,"minecraft:oak_sapling":446,"minecraft:spider_eye":1,"minecraft:arrow":2,"minecraft:beef":1,"minecraft:stone_pickaxe":2,"minecraft:bell":2},"minecraft:broken":{"minecraft:wooden_pickaxe":1,"minecraft:stone_pickaxe":11,"minecraft:iron_axe":1,"minecraft:stone_axe":5},"minecraft:used":{"minecraft:oak_fence":18,"minecraft:stone_sword":35,"minecraft:iron_shovel":72,"minecraft:flint_and_steel":2,"minecraft:stone_shovel":5,"minecraft:chest":9,"minecraft:shield":1,"minecraft:cooked_chicken":4,"minecraft:rotten_flesh":2,"minecraft:netherrack":290,"minecraft:torch":4,"minecraft:dirt":457,"minecraft:acacia_sapling":1,"minecraft:golden_chestplate":1,"minecraft:oak_stairs":1,"minecraft:iron_axe":965,"minecraft:birch_sapling":39,"minecraft:golden_carrot":14,"minecraft:oak_sapling":55,"minecraft:egg":5,"minecraft:golden_boots":1,"minecraft:wheat_seeds":386,"minecraft:cooked_mutton":4,"minecraft:water_bucket":15,"minecraft:stone_pickaxe":3295,"minecraft:wooden_pickaxe":67,"minecraft:cauldron":3,"minecraft:sugar_cane":24,"minecraft:cookie":10,"minecraft:crafting_table":8,"minecraft:white_bed":58,"minecraft:oak_log":6,"minecraft:apple":88,"minecraft:iron_pickaxe":414,"minecraft:gravel":2,"minecraft:stone_axe":4116,"minecraft:cobblestone":140,"minecraft:bucket":15,"minecraft:oak_boat":3},"minecraft:killed_by":{"minecraft:player":1,"minecraft:creeper":1,"minecraft:iron_golem":1,"minecraft:piglin":1,"minecraft:zombie":1},"minecraft:custom":{"minecraft:mob_kills":39,"minecraft:interact_with_crafting_table":41,"minecraft:open_barrel":2,"minecraft:leave_game":6,"minecraft:time_since_death":140106,"minecraft:sprint_one_cm":1420769,"minecraft:walk_one_cm":1735317,"minecraft:damage_blocked_by_shield":30,"minecraft:drop":193,"minecraft:talked_to_villager":16,"minecraft:play_time":419994,"minecraft:sneak_time":22467,"minecraft:deaths":7,"minecraft:walk_under_water_one_cm":32640,"minecraft:boat_one_cm":188474,"minecraft:jump":4616,"minecraft:walk_on_water_one_cm":43572,"minecraft:total_world_time":419994,"minecraft:interact_with_furnace":6,"minecraft:sleep_in_bed":8,"minecraft:time_since_rest":7116,"minecraft:damage_taken":4255,"minecraft:damage_dealt":4164,"minecraft:swim_one_cm":47518,"minecraft:fly_one_cm":719171,"minecraft:open_chest":211,"minecraft:crouch_one_cm":49661,"minecraft:interact_with_smoker":1,"minecraft:fall_one_cm":93310},"minecraft:mined":{"minecraft:nether_gold_ore":17,"minecraft:white_bed":6,"farmersdelight:rich_soil":9,"minecraft:mossy_cobblestone":36,"minecraft:oak_door":3,"minecraft:cobblestone_stairs":9,"minecraft:granite":8,"minecraft:grass_block":670,"farmersdelight:red_mushroom_colony":1,"minecraft:hay_block":28,"minecraft:smooth_stone":1,"minecraft:oak_trapdoor":12,"farmersdelight:wild_rice":19,"minecraft:iron_ore":1,"minecraft:fire":25,"minecraft:andesite":58,"minecraft:bell":1,"minecraft:water_cauldron":1,"minecraft:dirt_path":6,"minecraft:oak_stairs":249,"minecraft:stripped_oak_log":17,"minecraft:stone":1481,"minecraft:tripwire":1,"minecraft:oak_slab":46,"minecraft:glass_pane":24,"minecraft:oak_fence":56,"minecraft:crafting_table":7,"minecraft:chest":2,"minecraft:nether_quartz_ore":82,"minecraft:tall_grass":4,"minecraft:cobblestone":368,"minecraft:sugar_cane":68,"minecraft:oak_planks":383,"minecraft:diorite":3,"minecraft:cobblestone_wall":2,"minecraft:birch_log":776,"minecraft:stripped_oak_wood":1,"minecraft:grass":106,"minecraft:oak_log":2739,"minecraft:coal_ore":177,"minecraft:oak_fence_gate":1,"minecraft:gravel":96,"minecraft:dirt":1068,"minecraft:netherrack":1442,"minecraft:oak_leaves":96},"minecraft:picked_up":{"minecraft:crafting_table":10,"minecraft:allium":35,"minecraft:chicken":19,"minecraft:wooden_pickaxe":2,"minecraft:oak_stairs":313,"minecraft:shield":4,"minecraft:iron_axe":3,"minecraft:string":1328,"minecraft:oak_trapdoor":17,"minecraft:flint_and_steel":1,"minecraft:iron_leggings":1,"minecraft:iron_shovel":6,"minecraft:oak_sign":5,"minecraft:diamond_leggings":3,"minecraft:gold_nugget":80,"minecraft:smooth_stone":1,"minecraft:beef":11,"minecraft:oak_boat":5,"minecraft:poppy":4,"minecraft:iron_pickaxe":6,"minecraft:sugar_cane":141,"minecraft:chest":3,"minecraft:birch_sapling":245,"minecraft:furnace":2,"minecraft:iron_boots":2,"minecraft:egg":4,"minecraft:stick":1405,"minecraft:oak_door":8,"minecraft:oak_fence":62,"minecraft:torch":51,"minecraft:bowl":2,"minecraft:porkchop":11,"minecraft:cookie":112,"minecraft:diorite":7,"minecraft:golden_chestplate":2,"minecraft:cauldron":7,"minecraft:diamond_chestplate":2,"minecraft:stone_sword":1,"minecraft:arrow":10,"minecraft:rotten_flesh":29,"minecraft:stone_shovel":4,"farmersdelight:onion":1,"minecraft:diamond_boots":2,"minecraft:hay_block":28,"minecraft:oxeye_daisy":1,"minecraft:mutton":21,"minecraft:stripped_oak_log":17,"minecraft:white_wool":91,"minecraft:cobblestone":1962,"minecraft:birch_log":859,"farmersdelight:rich_soil":12,"minecraft:feather":44,"farmersdelight:rice":19,"minecraft:golden_carrot":30,"minecraft:glow_ink_sac":2,"minecraft:water_bucket":1,"minecraft:andesite":52,"minecraft:leather":15,"minecraft:red_mushroom":6,"minecraft:flint":13,"minecraft:oak_log":2864,"minecraft:cobblestone_wall":2,"minecraft:gunpowder":4,"minecraft:cobblestone_stairs":9,"minecraft:lapis_lazuli":5,"minecraft:dirt":2390,"minecraft:paper":3,"minecraft:cooked_mutton":4,"minecraft:bone":9,"minecraft:apple":191,"minecraft:wheat_seeds":47,"minecraft:oak_fence_gate":1,"minecraft:bell":2,"minecraft:stone_pickaxe":19,"minecraft:iron_ingot":3,"minecraft:cooked_chicken":6,"minecraft:stripped_oak_wood":1,"minecraft:diamond_helmet":3,"minecraft:iron_sword":1,"minecraft:oak_planks":556,"minecraft:acacia_sapling":2,"minecraft:oak_slab":55,"minecraft:quartz":81,"minecraft:dandelion":1,"minecraft:gravel":89,"minecraft:sand":8,"minecraft:white_bed":11,"minecraft:spider_eye":2,"minecraft:mossy_cobblestone":42,"minecraft:stone_axe":9,"minecraft:granite":12,"minecraft:gray_wool":1,"minecraft:bread":48,"minecraft:oak_button":1,"minecraft:oak_sapling":825,"minecraft:netherrack":1443,"minecraft:coal":220,"minecraft:sunflower":5}},"DataVersion":3465}