{"stats":{"minecraft:used":{"minecraft:cooked_mutton":4,"minecraft:stone_pickaxe":49,"minecraft:chest":4,"minecraft:wooden_pickaxe":8,"minecraft:sugar_cane":10,"minecraft:rotten_flesh":2,"minecraft:dirt":1,"minecraft:crafting_table":4,"minecraft:white_bed":5,"minecraft:stone_axe":96,"minecraft:oak_sapling":21,"minecraft:oak_boat":1,"minecraft:egg":1},"minecraft:killed_by":{"minecraft:zombie":1},"minecraft:crafted":{"minecraft:oak_planks":40,"minecraft:crafting_table":1,"minecraft:wooden_pickaxe":1,"minecraft:furnace":1,"minecraft:stone_axe":1,"minecraft:oak_boat":1,"minecraft:stick":8,"minecraft:stone_pickaxe":1,"minecraft:chest":4},"minecraft:custom":{"minecraft:interact_with_furnace":2,"minecraft:mob_kills":25,"minecraft:interact_with_crafting_table":13,"minecraft:leave_game":2,"minecraft:time_since_death":43238,"minecraft:sleep_in_bed":1,"minecraft:time_since_rest":11,"minecraft:sprint_one_cm":164838,"minecraft:damage_taken":320,"minecraft:walk_one_cm":192167,"minecraft:damage_dealt":1760,"minecraft:swim_one_cm":25828,"minecraft:talked_to_villager":1,"minecraft:fly_one_cm":84465,"minecraft:open_chest":16,"minecraft:crouch_one_cm":1718,"minecraft:play_time":43626,"minecraft:deaths":1,"minecraft:sneak_time":518,"minecraft:walk_under_water_one_cm":576,"minecraft:boat_one_cm":60965,"minecraft:jump":539,"minecraft:walk_on_water_one_cm":12173,"minecraft:total_world_time":43626,"minecraft:fall_one_cm":11972},"minecraft:killed":{"minecraft:pig":6,"minecraft:sheep":4,"minecraft:chicken":11,"minecraft:cow":4},"minecraft:mined":{"minecraft:white_bed":5,"farmersdelight:rich_soil":3,"minecraft:crafting_table":3,"minecraft:grass_block":4,"minecraft:tall_grass":3,"minecraft:cobblestone":3,"minecraft:oak_planks":10,"farmersdelight:wild_rice":19,"minecraft:grass":12,"minecraft:coal_ore":42,"minecraft:oak_log":32,"minecraft:stone":12,"minecraft:oak_leaves":1},"minecraft:picked_up":{"minecraft:crafting_table":4,"farmersdelight:rich_soil":3,"minecraft:allium":6,"minecraft:feather":12,"minecraft:chicken":15,"farmersdelight:rice":19,"minecraft:leather":5,"minecraft:wooden_pickaxe":1,"minecraft:oak_log":34,"minecraft:shield":1,"minecraft:oak_trapdoor":5,"minecraft:dirt":16,"minecraft:cooked_mutton":4,"minecraft:apple":4,"minecraft:wheat_seeds":3,"minecraft:beef":8,"minecraft:cooked_chicken":4,"minecraft:oak_boat":2,"minecraft:sugar_cane":10,"minecraft:oak_planks":10,"minecraft:acacia_sapling":1,"minecraft:egg":1,"minecraft:stick":25,"minecraft:porkchop":11,"minecraft:sand":4,"minecraft:white_bed":5,"minecraft:cauldron":3,"minecraft:rotten_flesh":3,"farmersdelight:onion":1,"minecraft:bread":48,"minecraft:oak_button":1,"minecraft:oak_sapling":16,"minecraft:mutton":7,"minecraft:coal":35,"minecraft:white_wool":4,"minecraft:cobblestone":114}},"DataVersion":3465}