{"stats":{"minecraft:dropped":{"minecraft:lapis_lazuli":5,"minecraft:oak_log":64,"minecraft:stone_shovel":1,"minecraft:birch_sapling":27,"minecraft:feather":2,"minecraft:rotten_flesh":2,"minecraft:leather":4,"minecraft:stick":448,"minecraft:dirt":4,"minecraft:diorite":4,"minecraft:allium":23,"minecraft:oak_boat":1,"minecraft:oak_sapling":255,"minecraft:spider_eye":1,"minecraft:arrow":2,"minecraft:paper":3},"minecraft:used":{"minecraft:wheat_seeds":1,"minecraft:cooked_mutton":4,"minecraft:water_bucket":15,"minecraft:stone_sword":35,"minecraft:stone_pickaxe":131,"minecraft:shield":1,"minecraft:chest":4,"minecraft:wooden_pickaxe":8,"minecraft:cauldron":3,"minecraft:sugar_cane":18,"minecraft:cooked_chicken":2,"minecraft:rotten_flesh":2,"minecraft:dirt":3,"minecraft:crafting_table":5,"minecraft:white_bed":8,"minecraft:golden_chestplate":1,"minecraft:acacia_sapling":1,"minecraft:oak_log":6,"minecraft:apple":20,"minecraft:birch_sapling":39,"minecraft:stone_axe":1098,"minecraft:oak_sapling":55,"minecraft:bucket":15,"minecraft:egg":3,"minecraft:oak_boat":3},"minecraft:killed_by":{"minecraft:creeper":1,"minecraft:zombie":1,"minecraft:iron_golem":1},"minecraft:crafted":{"minecraft:oak_planks":60,"minecraft:crafting_table":1,"minecraft:wooden_pickaxe":1,"minecraft:furnace":1,"minecraft:stone_axe":17,"minecraft:oak_boat":1,"minecraft:stick":8,"minecraft:stone_pickaxe":1,"minecraft:stone_sword":1,"minecraft:chest":4,"minecraft:white_bed":2,"minecraft:torch":20,"minecraft:oak_fence":6},"minecraft:broken":{"minecraft:stone_pickaxe":1,"minecraft:stone_axe":2},"minecraft:custom":{"minecraft:interact_with_furnace":2,"minecraft:mob_kills":38,"minecraft:interact_with_crafting_table":23,"minecraft:leave_game":3,"minecraft:time_since_death":20679,"minecraft:sleep_in_bed":2,"minecraft:time_since_rest":20733,"minecraft:sprint_one_cm":555532,"minecraft:damage_taken":1124,"minecraft:walk_one_cm":547947,"minecraft:damage_blocked_by_shield":30,"minecraft:drop":26,"minecraft:damage_dealt":3954,"minecraft:swim_one_cm":33950,"minecraft:talked_to_villager":3,"minecraft:fly_one_cm":272751,"minecraft:open_chest":42,"minecraft:crouch_one_cm":2593,"minecraft:play_time":123334,"minecraft:deaths":3,"minecraft:sneak_time":1452,"minecraft:walk_under_water_one_cm":24291,"minecraft:boat_one_cm":60965,"minecraft:jump":1705,"minecraft:walk_on_water_one_cm":23465,"minecraft:total_world_time":123334,"minecraft:fall_one_cm":35918},"minecraft:killed":{"minecraft:pig":6,"minecraft:iron_golem":1,"minecraft:sheep":11,"minecraft:zombie":2,"minecraft:chicken":13,"minecraft:cow":5},"minecraft:mined":{"minecraft:white_bed":6,"farmersdelight:rich_soil":3,"minecraft:crafting_table":4,"minecraft:grass_block":17,"minecraft:tall_grass":3,"minecraft:cobblestone":4,"minecraft:sugar_cane":6,"minecraft:oak_planks":10,"minecraft:hay_block":28,"farmersdelight:wild_rice":19,"minecraft:birch_log":233,"minecraft:grass":29,"minecraft:oak_log":610,"minecraft:coal_ore":42,"minecraft:dirt":3,"minecraft:stone":93,"minecraft:oak_leaves":24},"minecraft:picked_up":{"minecraft:birch_log":321,"minecraft:crafting_table":7,"farmersdelight:rich_soil":6,"minecraft:allium":35,"minecraft:feather":30,"farmersdelight:rice":19,"minecraft:chicken":19,"minecraft:water_bucket":1,"minecraft:leather":15,"minecraft:wooden_pickaxe":2,"minecraft:oak_log":808,"minecraft:shield":3,"minecraft:lapis_lazuli":5,"minecraft:string":140,"minecraft:dirt":68,"minecraft:oak_trapdoor":5,"minecraft:paper":3,"minecraft:cooked_mutton":4,"minecraft:bone":4,"minecraft:apple":65,"minecraft:wheat_seeds":5,"minecraft:stone_pickaxe":1,"minecraft:iron_ingot":3,"minecraft:beef":10,"minecraft:cooked_chicken":6,"minecraft:oak_boat":5,"minecraft:poppy":1,"minecraft:sugar_cane":18,"minecraft:birch_sapling":104,"minecraft:oak_planks":71,"minecraft:acacia_sapling":2,"minecraft:egg":3,"minecraft:furnace":2,"minecraft:stick":648,"minecraft:oak_fence":6,"minecraft:torch":20,"minecraft:porkchop":11,"minecraft:sand":8,"minecraft:diorite":4,"minecraft:white_bed":6,"minecraft:spider_eye":2,"minecraft:golden_chestplate":2,"minecraft:cauldron":6,"minecraft:stone_shovel":1,"minecraft:stone_sword":1,"minecraft:arrow":3,"minecraft:rotten_flesh":15,"minecraft:stone_axe":9,"farmersdelight:onion":1,"minecraft:hay_block":28,"minecraft:gray_wool":1,"minecraft:bread":48,"minecraft:oak_button":1,"minecraft:oak_sapling":283,"minecraft:mutton":21,"minecraft:coal":100,"minecraft:white_wool":10,"minecraft:cobblestone":251}},"DataVersion":3465}