{"stats":{"minecraft:killed":{"minecraft:skeleton":1,"minecraft:chicken":13,"minecraft:pig":6,"minecraft:iron_golem":1,"minecraft:sheep":11,"minecraft:zombie":2,"minecraft:cow":5},"minecraft:crafted":{"minecraft:oak_planks":64,"minecraft:furnace":1,"minecraft:stone_pickaxe":49,"minecraft:chest":6,"minecraft:oak_fence":15,"minecraft:golden_boots":1,"minecraft:crafting_table":1,"minecraft:wooden_pickaxe":2,"minecraft:stone_axe":49,"minecraft:oak_boat":1,"minecraft:white_wool":472,"minecraft:stick":8,"minecraft:stone_sword":1,"minecraft:gold_ingot":4,"minecraft:white_bed":47,"minecraft:torch":20},"minecraft:dropped":{"minecraft:water_bucket":1,"minecraft:wheat_seeds":1,"minecraft:lapis_lazuli":5,"minecraft:oak_log":73,"minecraft:crafting_table":1,"minecraft:feather":2,"minecraft:cobblestone":29,"minecraft:apple":1,"minecraft:leather":4,"minecraft:granite":6,"minecraft:stick":448,"minecraft:dirt":51,"minecraft:diorite":4,"minecraft:torch":20,"minecraft:iron_leggings":1,"minecraft:paper":3,"minecraft:string":17,"minecraft:birch_log":22,"minecraft:white_wool":401,"minecraft:furnace":1,"minecraft:golden_chestplate":1,"minecraft:stone_sword":1,"minecraft:bowl":1,"minecraft:birch_sapling":108,"minecraft:stone_shovel":1,"minecraft:rotten_flesh":2,"minecraft:iron_boots":2,"minecraft:allium":23,"minecraft:oak_boat":1,"minecraft:oak_sapling":446,"minecraft:spider_eye":1,"minecraft:arrow":2,"minecraft:stone_pickaxe":2},"minecraft:broken":{"minecraft:wooden_pickaxe":1,"minecraft:stone_pickaxe":11,"minecraft:stone_axe":5},"minecraft:used":{"minecraft:oak_fence":18,"minecraft:stone_sword":35,"minecraft:iron_shovel":72,"minecraft:flint_and_steel":1,"minecraft:chest":9,"minecraft:shield":1,"minecraft:cooked_chicken":4,"minecraft:rotten_flesh":2,"minecraft:netherrack":290,"minecraft:torch":4,"minecraft:dirt":122,"minecraft:acacia_sapling":1,"minecraft:golden_chestplate":1,"minecraft:iron_axe":103,"minecraft:birch_sapling":39,"minecraft:golden_carrot":9,"minecraft:oak_sapling":55,"minecraft:egg":5,"minecraft:golden_boots":1,"minecraft:wheat_seeds":386,"minecraft:cooked_mutton":4,"minecraft:water_bucket":15,"minecraft:stone_pickaxe":3295,"minecraft:wooden_pickaxe":67,"minecraft:cauldron":3,"minecraft:sugar_cane":24,"minecraft:cookie":10,"minecraft:crafting_table":8,"minecraft:white_bed":58,"minecraft:oak_log":6,"minecraft:apple":88,"minecraft:iron_pickaxe":51,"minecraft:gravel":2,"minecraft:stone_axe":4116,"minecraft:cobblestone":140,"minecraft:bucket":15,"minecraft:oak_boat":3},"minecraft:killed_by":{"minecraft:player":1,"minecraft:creeper":1,"minecraft:iron_golem":1,"minecraft:piglin":1,"minecraft:zombie":1},"minecraft:custom":{"minecraft:mob_kills":39,"minecraft:interact_with_crafting_table":40,"minecraft:open_barrel":2,"minecraft:leave_game":6,"minecraft:time_since_death":104106,"minecraft:sprint_one_cm":1361776,"minecraft:walk_one_cm":1578893,"minecraft:damage_blocked_by_shield":30,"minecraft:drop":133,"minecraft:talked_to_villager":16,"minecraft:play_time":383994,"minecraft:sneak_time":18748,"minecraft:deaths":7,"minecraft:walk_under_water_one_cm":31696,"minecraft:boat_one_cm":188474,"minecraft:jump":4274,"minecraft:walk_on_water_one_cm":41546,"minecraft:total_world_time":383994,"minecraft:interact_with_furnace":6,"minecraft:sleep_in_bed":6,"minecraft:time_since_rest":50998,"minecraft:damage_taken":4137,"minecraft:damage_dealt":4164,"minecraft:swim_one_cm":47518,"minecraft:fly_one_cm":670420,"minecraft:open_chest":189,"minecraft:crouch_one_cm":36085,"minecraft:interact_with_smoker":1,"minecraft:fall_one_cm":83871},"minecraft:mined":{"minecraft:nether_gold_ore":17,"minecraft:white_bed":6,"farmersdelight:rich_soil":3,"minecraft:mossy_cobblestone":4,"minecraft:cobblestone_stairs":1,"minecraft:granite":8,"minecraft:grass_block":655,"minecraft:hay_block":28,"minecraft:smooth_stone":1,"farmersdelight:wild_rice":19,"minecraft:iron_ore":1,"minecraft:fire":25,"minecraft:andesite":58,"minecraft:water_cauldron":1,"minecraft:dirt_path":1,"minecraft:oak_stairs":54,"minecraft:stone":1481,"minecraft:tripwire":1,"minecraft:oak_fence":6,"minecraft:crafting_table":7,"minecraft:chest":1,"minecraft:nether_quartz_ore":82,"minecraft:tall_grass":3,"minecraft:cobblestone":57,"minecraft:sugar_cane":68,"minecraft:oak_planks":44,"minecraft:diorite":3,"minecraft:cobblestone_wall":2,"minecraft:birch_log":776,"minecraft:grass":58,"minecraft:oak_log":2584,"minecraft:coal_ore":177,"minecraft:gravel":96,"minecraft:dirt":1044,"minecraft:netherrack":1442,"minecraft:oak_leaves":96},"minecraft:picked_up":{"minecraft:crafting_table":10,"minecraft:allium":35,"minecraft:chicken":19,"minecraft:wooden_pickaxe":2,"minecraft:oak_stairs":116,"minecraft:shield":4,"minecraft:iron_axe":3,"minecraft:string":1328,"minecraft:oak_trapdoor":5,"minecraft:flint_and_steel":1,"minecraft:iron_leggings":1,"minecraft:iron_shovel":6,"minecraft:oak_sign":5,"minecraft:diamond_leggings":3,"minecraft:gold_nugget":80,"minecraft:smooth_stone":1,"minecraft:beef":10,"minecraft:oak_boat":5,"minecraft:poppy":1,"minecraft:iron_pickaxe":5,"minecraft:sugar_cane":141,"minecraft:chest":2,"minecraft:birch_sapling":245,"minecraft:furnace":2,"minecraft:iron_boots":2,"minecraft:egg":4,"minecraft:stick":1405,"minecraft:oak_fence":12,"minecraft:torch":24,"minecraft:bowl":2,"minecraft:porkchop":11,"minecraft:cookie":112,"minecraft:diorite":7,"minecraft:golden_chestplate":2,"minecraft:cauldron":7,"minecraft:diamond_chestplate":2,"minecraft:stone_sword":1,"minecraft:arrow":10,"minecraft:rotten_flesh":29,"minecraft:stone_shovel":1,"farmersdelight:onion":1,"minecraft:diamond_boots":2,"minecraft:hay_block":28,"minecraft:mutton":21,"minecraft:white_wool":91,"minecraft:cobblestone":1647,"minecraft:birch_log":859,"farmersdelight:rich_soil":6,"minecraft:feather":44,"farmersdelight:rice":19,"minecraft:golden_carrot":30,"minecraft:glow_ink_sac":2,"minecraft:water_bucket":1,"minecraft:andesite":52,"minecraft:leather":15,"minecraft:flint":13,"minecraft:oak_log":2719,"minecraft:cobblestone_wall":2,"minecraft:gunpowder":4,"minecraft:cobblestone_stairs":1,"minecraft:lapis_lazuli":5,"minecraft:dirt":2348,"minecraft:paper":3,"minecraft:cooked_mutton":4,"minecraft:bone":9,"minecraft:apple":191,"minecraft:wheat_seeds":40,"minecraft:stone_pickaxe":19,"minecraft:iron_ingot":3,"minecraft:cooked_chicken":6,"minecraft:diamond_helmet":3,"minecraft:iron_sword":1,"minecraft:oak_planks":167,"minecraft:acacia_sapling":2,"minecraft:oak_slab":9,"minecraft:quartz":81,"minecraft:gravel":89,"minecraft:sand":8,"minecraft:white_bed":11,"minecraft:spider_eye":2,"minecraft:mossy_cobblestone":5,"minecraft:stone_axe":9,"minecraft:granite":12,"minecraft:gray_wool":1,"minecraft:bread":48,"minecraft:oak_button":1,"minecraft:oak_sapling":825,"minecraft:netherrack":1443,"minecraft:coal":220,"minecraft:sunflower":5}},"DataVersion":3465}