{"stats":{"minecraft:dropped":{"minecraft:lapis_lazuli":5,"minecraft:golden_chestplate":1,"minecraft:oak_log":73,"minecraft:stone_shovel":1,"minecraft:birch_sapling":102,"minecraft:feather":2,"minecraft:cobblestone":2,"minecraft:rotten_flesh":2,"minecraft:iron_boots":1,"minecraft:leather":4,"minecraft:stick":448,"minecraft:dirt":4,"minecraft:diorite":4,"minecraft:allium":23,"minecraft:torch":2,"minecraft:oak_boat":1,"minecraft:oak_sapling":367,"minecraft:iron_leggings":1,"minecraft:spider_eye":1,"minecraft:arrow":2,"minecraft:paper":3},"minecraft:used":{"minecraft:wheat_seeds":1,"minecraft:cooked_mutton":4,"minecraft:water_bucket":15,"minecraft:stone_sword":35,"minecraft:stone_pickaxe":798,"minecraft:shield":1,"minecraft:chest":4,"minecraft:wooden_pickaxe":8,"minecraft:cauldron":3,"minecraft:sugar_cane":18,"minecraft:cooked_chicken":2,"minecraft:rotten_flesh":2,"minecraft:dirt":3,"minecraft:crafting_table":8,"minecraft:white_bed":8,"minecraft:golden_chestplate":1,"minecraft:acacia_sapling":1,"minecraft:oak_log":6,"minecraft:apple":39,"minecraft:birch_sapling":39,"minecraft:stone_axe":2035,"minecraft:oak_sapling":55,"minecraft:bucket":15,"minecraft:egg":3,"minecraft:oak_boat":3},"minecraft:killed_by":{"minecraft:creeper":1,"minecraft:zombie":1,"minecraft:iron_golem":1},"minecraft:crafted":{"minecraft:oak_planks":60,"minecraft:crafting_table":1,"minecraft:wooden_pickaxe":1,"minecraft:furnace":1,"minecraft:stone_axe":38,"minecraft:oak_boat":1,"minecraft:stick":8,"minecraft:stone_pickaxe":8,"minecraft:stone_sword":1,"minecraft:chest":4,"minecraft:white_bed":2,"minecraft:torch":20,"minecraft:oak_fence":6},"minecraft:broken":{"minecraft:stone_pickaxe":4,"minecraft:stone_axe":3},"minecraft:custom":{"minecraft:interact_with_furnace":6,"minecraft:mob_kills":38,"minecraft:interact_with_crafting_table":26,"minecraft:open_barrel":2,"minecraft:leave_game":3,"minecraft:time_since_death":56679,"minecraft:sleep_in_bed":2,"minecraft:time_since_rest":56733,"minecraft:sprint_one_cm":741719,"minecraft:damage_taken":1392,"minecraft:walk_one_cm":683550,"minecraft:damage_blocked_by_shield":30,"minecraft:drop":49,"minecraft:damage_dealt":3954,"minecraft:swim_one_cm":40306,"minecraft:talked_to_villager":7,"minecraft:fly_one_cm":358519,"minecraft:open_chest":45,"minecraft:crouch_one_cm":3554,"minecraft:play_time":159334,"minecraft:deaths":3,"minecraft:sneak_time":1803,"minecraft:walk_under_water_one_cm":26049,"minecraft:boat_one_cm":112572,"minecraft:jump":2248,"minecraft:walk_on_water_one_cm":28747,"minecraft:interact_with_smoker":1,"minecraft:total_world_time":159334,"minecraft:fall_one_cm":49036},"minecraft:killed":{"minecraft:pig":6,"minecraft:iron_golem":1,"minecraft:sheep":11,"minecraft:zombie":2,"minecraft:chicken":13,"minecraft:cow":5},"minecraft:mined":{"minecraft:white_bed":6,"farmersdelight:rich_soil":3,"minecraft:crafting_table":7,"minecraft:grass_block":19,"minecraft:tall_grass":3,"minecraft:cobblestone":4,"minecraft:sugar_cane":6,"minecraft:oak_planks":10,"minecraft:hay_block":28,"farmersdelight:wild_rice":19,"minecraft:birch_log":369,"minecraft:grass":38,"minecraft:oak_log":1273,"minecraft:coal_ore":173,"minecraft:dirt":4,"minecraft:stone":629,"minecraft:oak_leaves":34},"minecraft:picked_up":{"minecraft:birch_log":456,"minecraft:crafting_table":10,"farmersdelight:rich_soil":6,"minecraft:allium":35,"minecraft:feather":30,"farmersdelight:rice":19,"minecraft:chicken":19,"minecraft:water_bucket":1,"minecraft:leather":15,"minecraft:wooden_pickaxe":2,"minecraft:oak_log":1422,"minecraft:shield":3,"minecraft:lapis_lazuli":5,"minecraft:string":140,"minecraft:dirt":71,"minecraft:oak_trapdoor":5,"minecraft:paper":3,"minecraft:iron_leggings":1,"minecraft:cooked_mutton":4,"minecraft:bone":4,"minecraft:apple":96,"minecraft:wheat_seeds":5,"minecraft:stone_pickaxe":1,"minecraft:iron_ingot":3,"minecraft:beef":10,"minecraft:cooked_chicken":6,"minecraft:oak_boat":5,"minecraft:poppy":1,"minecraft:sugar_cane":18,"minecraft:birch_sapling":149,"minecraft:oak_planks":71,"minecraft:acacia_sapling":2,"minecraft:iron_boots":2,"minecraft:egg":3,"minecraft:furnace":2,"minecraft:stick":846,"minecraft:oak_fence":6,"minecraft:torch":20,"minecraft:porkchop":11,"minecraft:sand":8,"minecraft:diorite":4,"minecraft:white_bed":6,"minecraft:spider_eye":2,"minecraft:golden_chestplate":2,"minecraft:cauldron":6,"minecraft:diamond_chestplate":1,"minecraft:stone_shovel":1,"minecraft:stone_sword":1,"minecraft:arrow":3,"minecraft:rotten_flesh":15,"minecraft:stone_axe":9,"farmersdelight:onion":1,"minecraft:diamond_boots":1,"minecraft:hay_block":28,"minecraft:gray_wool":1,"minecraft:bread":48,"minecraft:oak_button":1,"minecraft:oak_sapling":458,"minecraft:mutton":21,"minecraft:coal":171,"minecraft:white_wool":10,"minecraft:cobblestone":659}},"DataVersion":3465}