{"stats":{"minecraft:broken":{"minecraft:wooden_pickaxe":1,"minecraft:stone_pickaxe":11,"minecraft:iron_axe":1,"minecraft:stone_axe":5},"minecraft:picked_up":{"minecraft:crafting_table":10,"minecraft:wheat":4,"minecraft:allium":35,"minecraft:chicken":19,"minecraft:redstone_block":2,"minecraft:suspicious_stew":2,"minecraft:diamond_sword":1,"minecraft:wooden_pickaxe":2,"minecraft:oak_stairs":313,"minecraft:shield":4,"minecraft:oak_trapdoor":17,"minecraft:string":28011,"minecraft:iron_axe":7,"minecraft:flint_and_steel":1,"minecraft:iron_leggings":1,"minecraft:iron_shovel":6,"minecraft:oak_sign":11,"minecraft:diamond_leggings":4,"minecraft:gold_nugget":84,"minecraft:smooth_stone":1,"minecraft:beef":11,"minecraft:oak_boat":6,"minecraft:redstone_torch":6,"minecraft:written_book":1,"minecraft:poppy":5,"minecraft:iron_pickaxe":8,"minecraft:minecart":1,"minecraft:sugar_cane":679,"minecraft:chest":3,"minecraft:birch_sapling":308,"minecraft:egg":6,"minecraft:iron_boots":2,"minecraft:furnace":2,"minecraft:stick":1757,"minecraft:oak_door":8,"minecraft:oak_fence":62,"minecraft:torch":58,"minecraft:bowl":2,"minecraft:porkchop":11,"minecraft:cookie":144,"minecraft:diorite":7,"minecraft:golden_chestplate":2,"minecraft:cauldron":7,"minecraft:stone_sword":1,"minecraft:arrow":14,"minecraft:stone_shovel":4,"minecraft:rotten_flesh":59,"minecraft:diamond_chestplate":3,"farmersdelight:onion":1,"minecraft:diamond_boots":3,"minecraft:hay_block":28,"minecraft:oxeye_daisy":1,"minecraft:mutton":21,"minecraft:obsidian":6,"minecraft:rail":32,"minecraft:snowball":293,"minecraft:white_wool":91,"minecraft:cobblestone":1963,"minecraft:stripped_oak_log":17,"minecraft:birch_log":1065,"farmersdelight:rich_soil":12,"minecraft:feather":44,"farmersdelight:rice":19,"minecraft:golden_carrot":66,"minecraft:glow_ink_sac":2,"minecraft:water_bucket":4,"minecraft:andesite":52,"minecraft:leather":15,"minecraft:red_mushroom":6,"minecraft:flint":13,"minecraft:oak_log":3309,"minecraft:cobblestone_wall":2,"minecraft:gunpowder":4,"minecraft:cobblestone_stairs":9,"farmersdelight:flint_knife":1,"minecraft:lapis_lazuli":5,"minecraft:dirt":2494,"minecraft:paper":3,"minecraft:cooked_mutton":4,"minecraft:bone":11,"minecraft:apple":271,"minecraft:stone_bricks":3,"farmersdelight:wheat_dough":1,"minecraft:wheat_seeds":51,"minecraft:bell":2,"minecraft:stone_pickaxe":19,"minecraft:iron_ingot":3,"minecraft:oak_fence_gate":1,"minecraft:cooked_chicken":6,"minecraft:stripped_oak_wood":1,"minecraft:diamond_helmet":4,"minecraft:powered_rail":9,"minecraft:oak_planks":557,"minecraft:iron_sword":1,"minecraft:acacia_sapling":2,"minecraft:oak_slab":55,"minecraft:pumpkin":8,"minecraft:quartz":81,"minecraft:dandelion":1,"minecraft:gravel":91,"minecraft:sand":8,"minecraft:white_bed":11,"minecraft:spider_eye":2,"minecraft:mossy_cobblestone":42,"minecraft:stone_axe":9,"minecraft:granite":12,"minecraft:gray_wool":1,"minecraft:emerald":65,"minecraft:bread":55,"minecraft:oak_button":1,"minecraft:oak_sapling":1114,"minecraft:netherrack":1443,"minecraft:coal":220,"minecraft:sunflower":5,"minecraft:ender_pearl":7},"minecraft:killed_by":{"minecraft:player":3,"minecraft:creeper":2,"minecraft:enderman":1,"minecraft:iron_golem":2,"minecraft:piglin":1,"minecraft:skeleton":2,"minecraft:zombie":1},"minecraft:dropped":{"minecraft:water_bucket":1,"minecraft:bread":1253,"minecraft:oak_slab":46,"minecraft:wheat_seeds":8,"minecraft:lapis_lazuli":5,"minecraft:oak_log":189,"minecraft:mossy_cobblestone":42,"minecraft:ender_pearl":1,"minecraft:crafting_table":1,"minecraft:oak_fence":39,"minecraft:feather":2,"minecraft:cobblestone":385,"minecraft:leather":4,"minecraft:apple":11,"minecraft:granite":6,"minecraft:red_mushroom":6,"minecraft:cobblestone_stairs":5,"minecraft:stick":454,"minecraft:dirt":55,"minecraft:diorite":4,"minecraft:golden_carrot":1,"minecraft:torch":52,"minecraft:snowball":16,"minecraft:iron_leggings":1,"minecraft:oak_stairs":144,"minecraft:iron_pickaxe":1,"minecraft:stripped_oak_wood":1,"minecraft:smooth_stone":1,"minecraft:bone":2,"minecraft:paper":3,"minecraft:string":17,"minecraft:birch_log":22,"minecraft:white_wool":401,"farmersdelight:rich_soil":6,"minecraft:cauldron":1,"minecraft:redstone_block":34,"minecraft:oak_door":8,"minecraft:furnace":1,"minecraft:sugar_cane":14,"minecraft:oak_trapdoor":4,"minecraft:golden_chestplate":1,"minecraft:stone_sword":1,"minecraft:bowl":3,"minecraft:wheat":2,"minecraft:birch_sapling":148,"minecraft:stone_shovel":1,"minecraft:rotten_flesh":12,"minecraft:iron_boots":2,"minecraft:oak_planks":350,"minecraft:stripped_oak_log":17,"minecraft:name_tag":20,"minecraft:oak_sign":1,"minecraft:poppy":2,"minecraft:oak_fence_gate":1,"minecraft:allium":23,"minecraft:oak_boat":2,"minecraft:oak_sapling":547,"minecraft:chest":2,"minecraft:spider_eye":1,"minecraft:stone_bricks":2,"minecraft:arrow":6,"minecraft:stone_pickaxe":2,"minecraft:beef":1,"minecraft:bell":2,"minecraft:written_book":1},"minecraft:mined":{"minecraft:nether_gold_ore":17,"minecraft:white_bed":6,"farmersdelight:rich_soil":9,"minecraft:mossy_cobblestone":36,"minecraft:oak_door":3,"minecraft:cobblestone_stairs":9,"minecraft:granite":8,"minecraft:grass_block":758,"farmersdelight:red_mushroom_colony":1,"minecraft:oak_wall_sign":3,"minecraft:hay_block":28,"minecraft:smooth_stone":1,"minecraft:oak_trapdoor":12,"farmersdelight:wild_rice":19,"minecraft:iron_ore":1,"minecraft:fire":29,"minecraft:snow":28,"minecraft:andesite":58,"minecraft:pumpkin":4,"minecraft:bell":1,"minecraft:dirt_path":17,"minecraft:oak_sign":1,"minecraft:water_cauldron":1,"minecraft:rail":20,"minecraft:oak_stairs":249,"minecraft:stripped_oak_log":17,"minecraft:stone":1483,"minecraft:tripwire":4,"minecraft:oak_slab":46,"minecraft:glass_pane":24,"minecraft:snow_block":78,"minecraft:oak_fence":56,"minecraft:crafting_table":7,"minecraft:chest":2,"minecraft:nether_quartz_ore":82,"minecraft:tall_grass":4,"minecraft:cobblestone":369,"minecraft:oak_planks":384,"minecraft:sugar_cane":344,"minecraft:iron_door":4,"minecraft:diorite":3,"minecraft:powered_rail":7,"minecraft:cobblestone_wall":2,"minecraft:birch_log":994,"minecraft:redstone_torch":3,"minecraft:stripped_oak_wood":1,"minecraft:grass":131,"minecraft:coal_ore":177,"minecraft:oak_log":3196,"minecraft:oak_fence_gate":1,"minecraft:gravel":98,"minecraft:dirt":1076,"minecraft:stone_bricks":1,"minecraft:netherrack":1442,"minecraft:oak_leaves":121,"minecraft:deepslate":4},"minecraft:used":{"minecraft:oak_fence":18,"minecraft:iron_shovel":72,"minecraft:writable_book":2,"minecraft:stone_sword":35,"minecraft:flint_and_steel":3,"minecraft:stone_shovel":190,"minecraft:oak_sign":5,"minecraft:poppy":1,"minecraft:chest":9,"minecraft:shield":1,"minecraft:cooked_chicken":4,"minecraft:rotten_flesh":6,"minecraft:netherrack":290,"minecraft:torch":8,"minecraft:dirt":697,"farmersdelight:flint_knife":4,"minecraft:diamond_helmet":2,"minecraft:acacia_sapling":1,"minecraft:golden_chestplate":1,"minecraft:snowball":7,"minecraft:birch_sapling":39,"minecraft:iron_axe":1807,"minecraft:oak_stairs":1,"farmersdelight:wheat_dough":1,"minecraft:golden_carrot":37,"minecraft:diamond_chestplate":2,"minecraft:written_book":3,"minecraft:oak_sapling":55,"minecraft:minecart":2,"minecraft:egg":7,"minecraft:golden_boots":1,"minecraft:cooked_mutton":4,"minecraft:wheat_seeds":386,"minecraft:water_bucket":15,"minecraft:diamond_boots":2,"minecraft:birch_planks":37,"minecraft:stone_pickaxe":3295,"minecraft:powered_rail":9,"minecraft:ender_pearl":4,"minecraft:cauldron":3,"minecraft:wooden_pickaxe":67,"minecraft:sugar_cane":37,"minecraft:cookie":33,"minecraft:rail":48,"minecraft:crafting_table":8,"minecraft:white_bed":58,"minecraft:redstone_torch":4,"minecraft:oak_log":6,"minecraft:apple":119,"minecraft:iron_pickaxe":433,"minecraft:string":3,"minecraft:bread":2,"minecraft:suspicious_stew":2,"minecraft:gravel":4,"minecraft:stone_axe":4116,"minecraft:cobblestone":140,"minecraft:bucket":15,"minecraft:oak_boat":3,"minecraft:diamond_leggings":1},"minecraft:custom":{"minecraft:mob_kills":41,"minecraft:interact_with_crafting_table":51,"minecraft:open_barrel":6,"minecraft:leave_game":9,"minecraft:time_since_death":94469,"minecraft:climb_one_cm":952,"minecraft:sprint_one_cm":2448021,"minecraft:walk_one_cm":2679239,"minecraft:damage_blocked_by_shield":30,"minecraft:drop":1111,"minecraft:talked_to_villager":288,"minecraft:play_time":699072,"minecraft:sneak_time":33682,"minecraft:deaths":17,"minecraft:walk_under_water_one_cm":94844,"minecraft:interact_with_lectern":3,"minecraft:jump":8710,"minecraft:boat_one_cm":265475,"minecraft:walk_on_water_one_cm":136649,"minecraft:total_world_time":699072,"minecraft:interact_with_furnace":6,"minecraft:traded_with_villager":1545,"minecraft:interact_with_grindstone":1,"minecraft:sleep_in_bed":14,"minecraft:time_since_rest":15486,"minecraft:damage_taken":9968,"minecraft:damage_dealt":4474,"minecraft:minecart_one_cm":614,"minecraft:swim_one_cm":250474,"minecraft:fly_one_cm":1528233,"minecraft:pig_one_cm":55,"minecraft:open_chest":355,"minecraft:crouch_one_cm":80873,"minecraft:interact_with_smoker":1,"minecraft:fall_one_cm":199073},"minecraft:killed":{"minecraft:skeleton":1,"minecraft:chicken":13,"minecraft:pig":6,"minecraft:iron_golem":1,"minecraft:sheep":11,"minecraft:zombie":3,"minecraft:enderman":1,"minecraft:cow":5},"minecraft:crafted":{"minecraft:golden_carrot":180,"minecraft:oak_planks":64,"minecraft:stone_shovel":1,"minecraft:furnace":1,"minecraft:iron_axe":8,"minecraft:stone_pickaxe":49,"minecraft:chest":6,"minecraft:rail":16,"minecraft:oak_fence":15,"minecraft:name_tag":20,"minecraft:golden_boots":1,"minecraft:minecart":2,"minecraft:emerald":1245,"minecraft:crafting_table":1,"farmersdelight:iron_knife":1,"minecraft:wooden_pickaxe":2,"minecraft:stone_axe":49,"minecraft:bread":1248,"minecraft:air":0,"minecraft:oak_boat":1,"minecraft:white_wool":472,"minecraft:stick":8,"minecraft:iron_pickaxe":3,"minecraft:stone_sword":1,"minecraft:iron_shovel":4,"minecraft:gold_ingot":4,"minecraft:white_bed":47,"minecraft:pumpkin_pie":48,"minecraft:torch":24}},"DataVersion":3465}