{"stats":{"minecraft:picked_up":{"minecraft:crafting_table":10,"minecraft:allium":35,"minecraft:chicken":19,"minecraft:wooden_pickaxe":2,"minecraft:shield":4,"minecraft:oak_trapdoor":5,"minecraft:string":146,"minecraft:iron_leggings":1,"minecraft:iron_shovel":6,"minecraft:diamond_leggings":1,"minecraft:gold_nugget":52,"minecraft:beef":10,"minecraft:oak_boat":5,"minecraft:poppy":1,"minecraft:sugar_cane":72,"minecraft:birch_sapling":245,"minecraft:furnace":2,"minecraft:iron_boots":2,"minecraft:egg":4,"minecraft:stick":1405,"minecraft:oak_fence":6,"minecraft:torch":20,"minecraft:bowl":2,"minecraft:porkchop":11,"minecraft:cookie":112,"minecraft:diorite":7,"minecraft:golden_chestplate":2,"minecraft:cauldron":6,"minecraft:diamond_chestplate":1,"minecraft:stone_sword":1,"minecraft:arrow":6,"minecraft:rotten_flesh":19,"minecraft:stone_shovel":1,"farmersdelight:onion":1,"minecraft:diamond_boots":1,"minecraft:hay_block":28,"minecraft:mutton":21,"minecraft:white_wool":10,"minecraft:cobblestone":1476,"minecraft:birch_log":859,"farmersdelight:rich_soil":6,"minecraft:feather":30,"farmersdelight:rice":19,"minecraft:golden_carrot":17,"minecraft:glow_ink_sac":2,"minecraft:water_bucket":1,"minecraft:andesite":52,"minecraft:leather":15,"minecraft:flint":13,"minecraft:oak_log":2714,"minecraft:lapis_lazuli":5,"minecraft:dirt":1928,"minecraft:paper":3,"minecraft:cooked_mutton":4,"minecraft:bone":5,"minecraft:apple":191,"minecraft:wheat_seeds":40,"minecraft:cooked_chicken":6,"minecraft:stone_pickaxe":18,"minecraft:iron_ingot":3,"minecraft:diamond_helmet":1,"minecraft:oak_planks":71,"minecraft:acacia_sapling":2,"minecraft:quartz":52,"minecraft:gravel":82,"minecraft:sand":8,"minecraft:white_bed":6,"minecraft:spider_eye":2,"minecraft:stone_axe":9,"minecraft:granite":12,"minecraft:gray_wool":1,"minecraft:bread":48,"minecraft:oak_button":1,"minecraft:oak_sapling":825,"minecraft:netherrack":286,"minecraft:coal":171,"minecraft:sunflower":5},"minecraft:dropped":{"minecraft:water_bucket":1,"minecraft:wheat_seeds":1,"minecraft:lapis_lazuli":5,"minecraft:oak_log":73,"minecraft:crafting_table":1,"minecraft:feather":2,"minecraft:cobblestone":29,"minecraft:apple":1,"minecraft:leather":4,"minecraft:granite":6,"minecraft:stick":448,"minecraft:dirt":33,"minecraft:diorite":4,"minecraft:torch":20,"minecraft:iron_leggings":1,"minecraft:paper":3,"minecraft:birch_log":22,"minecraft:furnace":1,"minecraft:golden_chestplate":1,"minecraft:stone_sword":1,"minecraft:bowl":1,"minecraft:birch_sapling":108,"minecraft:stone_shovel":1,"minecraft:rotten_flesh":2,"minecraft:iron_boots":2,"minecraft:allium":23,"minecraft:oak_boat":1,"minecraft:oak_sapling":446,"minecraft:spider_eye":1,"minecraft:arrow":2,"minecraft:stone_pickaxe":1},"minecraft:custom":{"minecraft:mob_kills":39,"minecraft:interact_with_crafting_table":31,"minecraft:open_barrel":2,"minecraft:leave_game":5,"minecraft:time_since_death":18709,"minecraft:sprint_one_cm":1156309,"minecraft:walk_one_cm":1204760,"minecraft:damage_blocked_by_shield":30,"minecraft:drop":123,"minecraft:talked_to_villager":7,"minecraft:play_time":298597,"minecraft:deaths":7,"minecraft:sneak_time":10656,"minecraft:walk_under_water_one_cm":29619,"minecraft:boat_one_cm":188474,"minecraft:jump":3574,"minecraft:walk_on_water_one_cm":37480,"minecraft:total_world_time":298597,"minecraft:interact_with_furnace":6,"minecraft:sleep_in_bed":5,"minecraft:time_since_rest":18983,"minecraft:damage_taken":3462,"minecraft:damage_dealt":4154,"minecraft:swim_one_cm":47518,"minecraft:fly_one_cm":534546,"minecraft:open_chest":88,"minecraft:crouch_one_cm":18816,"minecraft:interact_with_smoker":1,"minecraft:fall_one_cm":76503},"minecraft:killed":{"minecraft:skeleton":1,"minecraft:chicken":13,"minecraft:pig":6,"minecraft:iron_golem":1,"minecraft:sheep":11,"minecraft:zombie":2,"minecraft:cow":5},"minecraft:crafted":{"minecraft:oak_planks":64,"minecraft:furnace":1,"minecraft:stone_pickaxe":37,"minecraft:chest":4,"minecraft:oak_fence":6,"minecraft:golden_boots":1,"minecraft:crafting_table":1,"minecraft:wooden_pickaxe":2,"minecraft:stone_axe":49,"minecraft:oak_boat":1,"minecraft:stick":8,"minecraft:stone_sword":1,"minecraft:gold_ingot":4,"minecraft:white_bed":2,"minecraft:torch":20},"minecraft:mined":{"minecraft:nether_gold_ore":11,"minecraft:white_bed":6,"farmersdelight:rich_soil":3,"minecraft:granite":8,"minecraft:grass_block":654,"minecraft:hay_block":28,"farmersdelight:wild_rice":19,"minecraft:fire":13,"minecraft:iron_ore":1,"minecraft:andesite":58,"minecraft:stone":1479,"minecraft:tripwire":1,"minecraft:crafting_table":7,"minecraft:nether_quartz_ore":53,"minecraft:tall_grass":3,"minecraft:cobblestone":7,"minecraft:sugar_cane":33,"minecraft:oak_planks":10,"minecraft:diorite":3,"minecraft:birch_log":776,"minecraft:grass":57,"minecraft:oak_log":2577,"minecraft:coal_ore":177,"minecraft:gravel":89,"minecraft:dirt":1042,"minecraft:netherrack":233,"minecraft:oak_leaves":96},"minecraft:broken":{"minecraft:wooden_pickaxe":1,"minecraft:stone_pickaxe":5,"minecraft:stone_axe":5},"minecraft:killed_by":{"minecraft:player":1,"minecraft:creeper":1,"minecraft:iron_golem":1,"minecraft:piglin":1,"minecraft:zombie":1},"minecraft:used":{"minecraft:oak_fence":3,"minecraft:stone_sword":35,"minecraft:iron_shovel":71,"minecraft:chest":4,"minecraft:shield":1,"minecraft:cooked_chicken":4,"minecraft:rotten_flesh":2,"minecraft:netherrack":67,"minecraft:dirt":5,"minecraft:acacia_sapling":1,"minecraft:golden_chestplate":1,"minecraft:birch_sapling":39,"minecraft:golden_carrot":7,"minecraft:oak_sapling":55,"minecraft:egg":4,"minecraft:golden_boots":1,"minecraft:wheat_seeds":1,"minecraft:cooked_mutton":4,"minecraft:water_bucket":15,"minecraft:stone_pickaxe":2036,"minecraft:wooden_pickaxe":67,"minecraft:cauldron":3,"minecraft:sugar_cane":18,"minecraft:cookie":10,"minecraft:crafting_table":8,"minecraft:white_bed":8,"minecraft:oak_log":6,"minecraft:apple":58,"minecraft:gravel":2,"minecraft:stone_axe":4116,"minecraft:cobblestone":140,"minecraft:bucket":15,"minecraft:oak_boat":3}},"DataVersion":3465}