{"stats":{"minecraft:used":{"minecraft:stone_sword":35,"minecraft:iron_shovel":64,"minecraft:chest":4,"minecraft:shield":1,"minecraft:rotten_flesh":2,"minecraft:cooked_chicken":4,"minecraft:dirt":3,"minecraft:acacia_sapling":1,"minecraft:golden_chestplate":1,"minecraft:birch_sapling":39,"minecraft:oak_sapling":55,"minecraft:egg":3,"minecraft:wheat_seeds":1,"minecraft:cooked_mutton":4,"minecraft:water_bucket":15,"minecraft:stone_pickaxe":1055,"minecraft:wooden_pickaxe":67,"minecraft:cauldron":3,"minecraft:sugar_cane":18,"minecraft:cookie":2,"minecraft:crafting_table":8,"minecraft:white_bed":8,"minecraft:oak_log":6,"minecraft:apple":52,"minecraft:stone_axe":4116,"minecraft:bucket":15,"minecraft:oak_boat":3},"minecraft:dropped":{"minecraft:water_bucket":1,"minecraft:wheat_seeds":1,"minecraft:lapis_lazuli":5,"minecraft:oak_log":73,"minecraft:crafting_table":1,"minecraft:feather":2,"minecraft:cobblestone":2,"minecraft:leather":4,"minecraft:apple":1,"minecraft:stick":448,"minecraft:dirt":33,"minecraft:diorite":4,"minecraft:torch":20,"minecraft:iron_leggings":1,"minecraft:paper":3,"minecraft:birch_log":22,"minecraft:furnace":1,"minecraft:golden_chestplate":1,"minecraft:stone_sword":1,"minecraft:bowl":1,"minecraft:birch_sapling":108,"minecraft:stone_shovel":1,"minecraft:rotten_flesh":2,"minecraft:iron_boots":2,"minecraft:allium":23,"minecraft:oak_boat":1,"minecraft:oak_sapling":446,"minecraft:spider_eye":1,"minecraft:arrow":2},"minecraft:killed_by":{"minecraft:player":1,"minecraft:creeper":1,"minecraft:iron_golem":1,"minecraft:zombie":1},"minecraft:crafted":{"minecraft:oak_planks":64,"minecraft:furnace":1,"minecraft:stone_pickaxe":33,"minecraft:chest":4,"minecraft:oak_fence":6,"minecraft:crafting_table":1,"minecraft:wooden_pickaxe":2,"minecraft:stone_axe":49,"minecraft:oak_boat":1,"minecraft:stick":8,"minecraft:stone_sword":1,"minecraft:white_bed":2,"minecraft:torch":20},"minecraft:broken":{"minecraft:wooden_pickaxe":1,"minecraft:stone_pickaxe":4,"minecraft:stone_axe":5},"minecraft:custom":{"minecraft:mob_kills":38,"minecraft:interact_with_crafting_table":28,"minecraft:open_barrel":2,"minecraft:leave_game":3,"minecraft:time_since_death":3206,"minecraft:sprint_one_cm":1037782,"minecraft:walk_one_cm":949043,"minecraft:damage_blocked_by_shield":30,"minecraft:drop":94,"minecraft:talked_to_villager":7,"minecraft:play_time":219334,"minecraft:deaths":4,"minecraft:sneak_time":1803,"minecraft:walk_under_water_one_cm":26866,"minecraft:boat_one_cm":188440,"minecraft:jump":2973,"minecraft:walk_on_water_one_cm":32763,"minecraft:total_world_time":219334,"minecraft:interact_with_furnace":6,"minecraft:sleep_in_bed":2,"minecraft:time_since_rest":3291,"minecraft:damage_taken":1729,"minecraft:damage_dealt":3954,"minecraft:swim_one_cm":47518,"minecraft:fly_one_cm":451316,"minecraft:open_chest":49,"minecraft:crouch_one_cm":3554,"minecraft:interact_with_smoker":1,"minecraft:fall_one_cm":57465},"minecraft:killed":{"minecraft:chicken":13,"minecraft:pig":6,"minecraft:iron_golem":1,"minecraft:sheep":11,"minecraft:zombie":2,"minecraft:cow":5},"minecraft:mined":{"minecraft:white_bed":6,"farmersdelight:rich_soil":3,"minecraft:granite":2,"minecraft:grass_block":22,"minecraft:hay_block":28,"farmersdelight:wild_rice":19,"minecraft:andesite":53,"minecraft:stone":889,"minecraft:crafting_table":7,"minecraft:cobblestone":4,"minecraft:tall_grass":3,"minecraft:oak_planks":10,"minecraft:sugar_cane":6,"minecraft:birch_log":776,"minecraft:grass":55,"minecraft:coal_ore":173,"minecraft:oak_log":2577,"minecraft:gravel":64,"minecraft:dirt":5,"minecraft:oak_leaves":96},"minecraft:picked_up":{"minecraft:crafting_table":10,"minecraft:allium":35,"minecraft:chicken":19,"minecraft:wooden_pickaxe":2,"minecraft:shield":3,"minecraft:oak_trapdoor":5,"minecraft:string":140,"minecraft:iron_leggings":1,"minecraft:iron_shovel":3,"minecraft:diamond_leggings":1,"minecraft:beef":10,"minecraft:oak_boat":5,"minecraft:poppy":1,"minecraft:sugar_cane":18,"minecraft:birch_sapling":245,"minecraft:furnace":2,"minecraft:iron_boots":2,"minecraft:egg":3,"minecraft:stick":1321,"minecraft:oak_fence":6,"minecraft:torch":20,"minecraft:bowl":2,"minecraft:porkchop":11,"minecraft:cookie":48,"minecraft:diorite":4,"minecraft:golden_chestplate":2,"minecraft:cauldron":6,"minecraft:rotten_flesh":15,"minecraft:stone_sword":1,"minecraft:arrow":3,"minecraft:stone_shovel":1,"minecraft:diamond_chestplate":1,"farmersdelight:onion":1,"minecraft:diamond_boots":1,"minecraft:hay_block":28,"minecraft:mutton":21,"minecraft:white_wool":10,"minecraft:cobblestone":919,"minecraft:birch_log":859,"farmersdelight:rich_soil":6,"minecraft:feather":30,"farmersdelight:rice":19,"minecraft:water_bucket":1,"minecraft:andesite":47,"minecraft:leather":15,"minecraft:oak_log":2714,"minecraft:lapis_lazuli":5,"minecraft:dirt":98,"minecraft:paper":3,"minecraft:cooked_mutton":4,"minecraft:bone":4,"minecraft:apple":165,"minecraft:wheat_seeds":6,"minecraft:cooked_chicken":6,"minecraft:iron_ingot":3,"minecraft:stone_pickaxe":1,"minecraft:diamond_helmet":1,"minecraft:oak_planks":71,"minecraft:acacia_sapling":2,"minecraft:sand":8,"minecraft:white_bed":6,"minecraft:spider_eye":2,"minecraft:stone_axe":9,"minecraft:gray_wool":1,"minecraft:bread":48,"minecraft:oak_button":1,"minecraft:oak_sapling":825,"minecraft:coal":171}},"DataVersion":3465}