{"stats":{"minecraft:dropped":{"minecraft:dirt":4,"minecraft:allium":23,"minecraft:oak_sapling":139},"minecraft:used":{"minecraft:wheat_seeds":1,"minecraft:cooked_mutton":4,"minecraft:stone_sword":35,"minecraft:stone_pickaxe":131,"minecraft:chest":4,"minecraft:wooden_pickaxe":8,"minecraft:cauldron":3,"minecraft:sugar_cane":18,"minecraft:cooked_chicken":2,"minecraft:rotten_flesh":2,"minecraft:dirt":3,"minecraft:crafting_table":5,"minecraft:white_bed":8,"minecraft:golden_chestplate":1,"minecraft:acacia_sapling":1,"minecraft:oak_log":6,"minecraft:apple":13,"minecraft:birch_sapling":39,"minecraft:stone_axe":701,"minecraft:oak_sapling":52,"minecraft:egg":3,"minecraft:oak_boat":3},"minecraft:killed_by":{"minecraft:zombie":1,"minecraft:iron_golem":1},"minecraft:crafted":{"minecraft:oak_planks":60,"minecraft:crafting_table":1,"minecraft:wooden_pickaxe":1,"minecraft:furnace":1,"minecraft:stone_axe":14,"minecraft:oak_boat":1,"minecraft:stick":8,"minecraft:stone_pickaxe":1,"minecraft:stone_sword":1,"minecraft:chest":4,"minecraft:white_bed":2,"minecraft:torch":20,"minecraft:oak_fence":6},"minecraft:broken":{"minecraft:stone_pickaxe":1,"minecraft:stone_axe":2},"minecraft:custom":{"minecraft:interact_with_furnace":2,"minecraft:mob_kills":36,"minecraft:interact_with_crafting_table":23,"minecraft:leave_game":3,"minecraft:time_since_death":55022,"minecraft:sleep_in_bed":2,"minecraft:time_since_rest":42026,"minecraft:sprint_one_cm":427691,"minecraft:damage_taken":673,"minecraft:walk_one_cm":466814,"minecraft:drop":5,"minecraft:damage_dealt":3420,"minecraft:swim_one_cm":33950,"minecraft:talked_to_villager":3,"minecraft:fly_one_cm":213352,"minecraft:open_chest":27,"minecraft:crouch_one_cm":2593,"minecraft:play_time":99334,"minecraft:deaths":2,"minecraft:sneak_time":1452,"minecraft:walk_under_water_one_cm":1290,"minecraft:boat_one_cm":60965,"minecraft:jump":1438,"minecraft:walk_on_water_one_cm":14734,"minecraft:total_world_time":99334,"minecraft:fall_one_cm":31707},"minecraft:killed":{"minecraft:pig":6,"minecraft:iron_golem":1,"minecraft:sheep":11,"minecraft:chicken":13,"minecraft:cow":5},"minecraft:mined":{"minecraft:white_bed":6,"farmersdelight:rich_soil":3,"minecraft:crafting_table":4,"minecraft:grass_block":17,"minecraft:tall_grass":3,"minecraft:cobblestone":4,"minecraft:sugar_cane":6,"minecraft:oak_planks":10,"minecraft:hay_block":28,"farmersdelight:wild_rice":19,"minecraft:birch_log":109,"minecraft:grass":25,"minecraft:oak_log":413,"minecraft:coal_ore":42,"minecraft:dirt":3,"minecraft:stone":93,"minecraft:oak_leaves":14},"minecraft:picked_up":{"minecraft:birch_log":109,"minecraft:crafting_table":6,"farmersdelight:rich_soil":6,"minecraft:allium":35,"minecraft:feather":26,"farmersdelight:rice":19,"minecraft:chicken":17,"minecraft:leather":11,"minecraft:wooden_pickaxe":2,"minecraft:oak_log":399,"minecraft:shield":2,"minecraft:dirt":46,"minecraft:oak_trapdoor":5,"minecraft:cooked_mutton":4,"minecraft:bone":4,"minecraft:apple":29,"minecraft:wheat_seeds":5,"minecraft:stone_pickaxe":1,"minecraft:iron_ingot":3,"minecraft:beef":10,"minecraft:cooked_chicken":4,"minecraft:oak_boat":4,"minecraft:poppy":1,"minecraft:sugar_cane":18,"minecraft:birch_sapling":40,"minecraft:oak_planks":12,"minecraft:acacia_sapling":2,"minecraft:egg":3,"minecraft:furnace":1,"minecraft:stick":168,"minecraft:porkchop":11,"minecraft:sand":8,"minecraft:white_bed":6,"minecraft:golden_chestplate":1,"minecraft:cauldron":6,"minecraft:arrow":1,"minecraft:rotten_flesh":4,"minecraft:stone_axe":1,"farmersdelight:onion":1,"minecraft:hay_block":28,"minecraft:gray_wool":1,"minecraft:bread":48,"minecraft:oak_button":1,"minecraft:oak_sapling":153,"minecraft:mutton":17,"minecraft:coal":70,"minecraft:white_wool":10,"minecraft:cobblestone":232}},"DataVersion":3465}