{"stats":{"minecraft:dropped":{"minecraft:birch_sapling":2},"minecraft:used":{"minecraft:crafting_table":1,"minecraft:wooden_axe":38},"minecraft:killed_by":{"minecraft:zombie":1},"minecraft:crafted":{"minecraft:oak_planks":20,"minecraft:oak_wood":3,"minecraft:crafting_table":1,"minecraft:stick":4,"minecraft:wooden_axe":1},"minecraft:custom":{"minecraft:damage_taken":240,"minecraft:time_since_rest":16264,"minecraft:crouch_one_cm":1510,"minecraft:play_time":29233,"minecraft:sprint_one_cm":23851,"minecraft:walk_one_cm":19848,"minecraft:deaths":1,"minecraft:sneak_time":533,"minecraft:drop":1,"minecraft:jump":105,"minecraft:leave_game":32,"minecraft:time_since_death":15023,"minecraft:walk_on_water_one_cm":375,"minecraft:total_world_time":29233,"minecraft:interact_with_crafting_table":1,"minecraft:fall_one_cm":3402,"minecraft:fly_one_cm":30596},"minecraft:mined":{"minecraft:grass":6,"minecraft:acacia_log":2,"minecraft:grass_block":1,"minecraft:oak_log":24,"minecraft:birch_log":14,"minecraft:oak_leaves":1,"minecraft:crafting_table":1},"minecraft:picked_up":{"minecraft:birch_log":14,"minecraft:stick":6,"minecraft:crafting_table":1,"minecraft:wheat_seeds":1,"minecraft:acacia_log":2,"minecraft:oak_log":23,"minecraft:oak_sapling":9,"minecraft:birch_sapling":2,"minecraft:dirt":1}},"DataVersion":3465}