{"stats":{"minecraft:dropped":{"minecraft:birch_sapling":2},"minecraft:used":{"minecraft:wooden_axe":38,"minecraft:crafting_table":1},"minecraft:killed_by":{"minecraft:zombie":1},"minecraft:crafted":{"minecraft:oak_planks":20,"minecraft:oak_wood":3,"minecraft:crafting_table":1,"minecraft:stick":4,"minecraft:wooden_axe":1},"minecraft:custom":{"minecraft:time_since_rest":5358,"minecraft:crouch_one_cm":1403,"minecraft:damage_taken":240,"minecraft:play_time":18327,"minecraft:sprint_one_cm":22386,"minecraft:walk_one_cm":18430,"minecraft:deaths":1,"minecraft:sneak_time":465,"minecraft:drop":1,"minecraft:jump":105,"minecraft:leave_game":13,"minecraft:time_since_death":4117,"minecraft:walk_on_water_one_cm":375,"minecraft:total_world_time":18327,"minecraft:interact_with_crafting_table":1,"minecraft:fall_one_cm":3402,"minecraft:fly_one_cm":30570},"minecraft:mined":{"minecraft:grass":6,"minecraft:acacia_log":2,"minecraft:oak_log":23,"minecraft:birch_log":14,"minecraft:crafting_table":1},"minecraft:picked_up":{"minecraft:birch_log":14,"minecraft:stick":6,"minecraft:crafting_table":1,"minecraft:wheat_seeds":1,"minecraft:acacia_log":2,"minecraft:oak_log":23,"minecraft:oak_sapling":9,"minecraft:birch_sapling":2}},"DataVersion":3465}