{"stats":{"minecraft:dropped":{"minecraft:iron_ingot":35,"minecraft:bread":131,"minecraft:wheat_seeds":3,"minecraft:crafting_table":5,"minecraft:iron_helmet":5,"minecraft:cobblestone":4067,"minecraft:leather":6,"minecraft:coal":36,"minecraft:stick":35,"minecraft:oxeye_daisy":2,"minecraft:diorite":255,"minecraft:wooden_axe":1,"minecraft:glistering_melon_slice":20,"minecraft:iron_pickaxe":4,"minecraft:paper":18,"minecraft:dandelion":4,"minecraft:furnace":5,"minecraft:stone_axe":5,"minecraft:oak_trapdoor":16,"minecraft:tuff":106,"minecraft:raw_iron":20,"minecraft:rotten_flesh":2,"minecraft:oak_planks":384,"minecraft:azure_bluet":4,"minecraft:poppy":5,"minecraft:shield":2,"minecraft:gunpowder":1,"minecraft:andesite":2,"minecraft:oak_sapling":24,"minecraft:oak_boat":5,"minecraft:arrow":10,"minecraft:stone_pickaxe":5,"minecraft:raw_gold":15,"minecraft:netherrack":21},"minecraft:used":{"minecraft:oak_trapdoor":11,"minecraft:stone_sword":76,"minecraft:poppy":4,"minecraft:chest":3,"minecraft:shield":26,"minecraft:cooked_chicken":5,"minecraft:rotten_flesh":3,"minecraft:netherrack":4,"minecraft:iron_chestplate":1,"minecraft:torch":49,"minecraft:dirt":6,"minecraft:hopper":1,"minecraft:carrot":3,"minecraft:allium":7,"minecraft:tuff":111,"minecraft:granite":2,"minecraft:azure_bluet":6,"minecraft:iron_hoe":76,"minecraft:wooden_axe":58,"minecraft:iron_helmet":3,"minecraft:iron_boots":1,"minecraft:golden_sword":2,"minecraft:beef":9,"minecraft:oak_sapling":9,"minecraft:furnace":2,"minecraft:egg":2,"minecraft:iron_leggings":2,"minecraft:wheat_seeds":200,"minecraft:water_bucket":12,"minecraft:diorite":7,"minecraft:stone_pickaxe":1828,"minecraft:wooden_pickaxe":60,"minecraft:composter":2,"farmersdelight:onion":3,"minecraft:oak_slab":6,"minecraft:crafting_table":13,"minecraft:blast_furnace":1,"minecraft:white_bed":7,"minecraft:smoker":1,"minecraft:cornflower":2,"minecraft:apple":1,"minecraft:oxeye_daisy":7,"minecraft:sunflower":91,"minecraft:chicken":1,"minecraft:bread":13,"minecraft:iron_pickaxe":41,"minecraft:gravel":57,"minecraft:stone_axe":49,"minecraft:cobblestone":414,"minecraft:cooked_porkchop":3,"minecraft:porkchop":5,"minecraft:andesite":2,"minecraft:bucket":13,"minecraft:yellow_bed":4,"minecraft:oak_boat":2,"minecraft:dandelion":40,"minecraft:bone_meal":14},"minecraft:killed_by":{"minecraft:iron_golem":2,"minecraft:bee":1,"minecraft:skeleton":4},"minecraft:crafted":{"minecraft:smooth_stone":2,"minecraft:oak_planks":140,"minecraft:cooked_chicken":7,"minecraft:furnace":3,"minecraft:blast_furnace":1,"minecraft:stone":2,"minecraft:cooked_mutton":13,"minecraft:flint_and_steel":1,"minecraft:oak_trapdoor":8,"minecraft:hopper":1,"minecraft:iron_hoe":1,"minecraft:stone_pickaxe":14,"minecraft:chest":4,"minecraft:smoker":1,"minecraft:wheat":387,"minecraft:oak_slab":12,"minecraft:emerald":1,"minecraft:crafting_table":3,"minecraft:wooden_pickaxe":1,"minecraft:iron_helmet":1,"minecraft:bucket":1,"minecraft:stone_axe":1,"minecraft:bread":135,"minecraft:air":0,"minecraft:oak_boat":2,"minecraft:paper":3,"minecraft:stick":48,"minecraft:iron_ingot":19,"minecraft:iron_pickaxe":1,"minecraft:wooden_axe":1,"minecraft:stone_sword":2,"minecraft:gold_ingot":3,"minecraft:iron_leggings":1,"minecraft:composter":1,"minecraft:torch":36},"minecraft:broken":{"minecraft:wooden_pickaxe":1,"minecraft:stone_pickaxe":13,"minecraft:wooden_axe":1},"minecraft:custom":{"minecraft:mob_kills":21,"minecraft:interact_with_crafting_table":55,"minecraft:leave_game":1,"minecraft:time_since_death":7985,"minecraft:sprint_one_cm":307111,"minecraft:walk_one_cm":251018,"minecraft:damage_blocked_by_shield":1455,"minecraft:drop":204,"minecraft:talked_to_villager":22,"minecraft:play_time":121450,"minecraft:deaths":8,"minecraft:sneak_time":3937,"minecraft:walk_under_water_one_cm":1483,"minecraft:boat_one_cm":14679,"minecraft:jump":2934,"minecraft:interact_with_blast_furnace":3,"minecraft:walk_on_water_one_cm":17711,"minecraft:total_world_time":121450,"minecraft:interact_with_furnace":21,"minecraft:traded_with_villager":2,"minecraft:sleep_in_bed":3,"minecraft:time_since_rest":8014,"minecraft:damage_taken":3057,"minecraft:damage_dealt":6019,"minecraft:swim_one_cm":4990,"minecraft:fly_one_cm":624288,"minecraft:open_chest":33,"minecraft:crouch_one_cm":9979,"minecraft:interact_with_smoker":3,"minecraft:fall_one_cm":101056},"minecraft:killed":{"minecraft:skeleton":1,"minecraft:chicken":1,"minecraft:pig":4,"minecraft:iron_golem":2,"minecraft:creeper":2,"minecraft:pillager":3,"minecraft:zombie":1,"minecraft:villager":1,"minecraft:cow":6},"minecraft:mined":{"minecraft:tuff":111,"minecraft:white_bed":8,"minecraft:farmland":1,"minecraft:deepslate_diamond_ore":2,"farmersdelight:wild_carrots":1,"minecraft:glow_lichen":2,"minecraft:granite":2,"minecraft:grass_block":3,"minecraft:composter":1,"minecraft:oxeye_daisy":11,"farmersdelight:wild_onions":3,"minecraft:hay_block":43,"minecraft:oak_trapdoor":2,"minecraft:furnace":2,"minecraft:iron_ore":19,"minecraft:andesite":7,"minecraft:azure_bluet":11,"minecraft:dirt_path":1,"minecraft:stripped_oak_log":5,"minecraft:stone":1392,"minecraft:oak_slab":1,"minecraft:dandelion":60,"minecraft:cornflower":4,"minecraft:crafting_table":10,"minecraft:torch":2,"minecraft:poppy":8,"minecraft:tall_grass":57,"minecraft:cobblestone":46,"minecraft:deepslate_gold_ore":3,"minecraft:oak_planks":22,"minecraft:sugar_cane":1,"minecraft:diorite":308,"minecraft:wall_torch":2,"minecraft:wheat":28,"minecraft:stripped_oak_wood":2,"minecraft:bee_nest":1,"minecraft:yellow_bed":4,"minecraft:grass":939,"minecraft:oak_log":32,"minecraft:coal_ore":10,"minecraft:sunflower":97,"minecraft:gravel":64,"minecraft:dirt":1,"minecraft:netherrack":25,"minecraft:oak_leaves":3},"minecraft:picked_up":{"minecraft:wooden_axe":1,"minecraft:crafting_table":18,"minecraft:iron_chestplate":4,"minecraft:wheat":28,"minecraft:allium":7,"minecraft:azure_bluet":10,"minecraft:chicken":1,"minecraft:golden_sword":4,"minecraft:shield":8,"minecraft:cornflower":2,"minecraft:string":217,"minecraft:oak_trapdoor":29,"minecraft:flint_and_steel":2,"minecraft:iron_leggings":3,"minecraft:smooth_stone":1,"minecraft:beef":10,"minecraft:oak_boat":11,"minecraft:poppy":9,"minecraft:iron_pickaxe":9,"minecraft:sugar_cane":3,"minecraft:egg":2,"minecraft:iron_boots":4,"minecraft:furnace":12,"minecraft:raw_iron":47,"minecraft:stick":68,"minecraft:composter":1,"minecraft:torch":13,"minecraft:porkchop":5,"minecraft:diorite":262,"minecraft:carrot":3,"minecraft:stone_sword":6,"minecraft:arrow":20,"minecraft:rotten_flesh":5,"farmersdelight:onion":4,"minecraft:hay_block":43,"minecraft:gold_ingot":6,"minecraft:glistering_melon_slice":10,"minecraft:cobblestone":7568,"minecraft:oxeye_daisy":9,"minecraft:stripped_oak_log":5,"minecraft:water_bucket":3,"minecraft:andesite":4,"minecraft:leather":28,"minecraft:smoker":1,"minecraft:flint":7,"minecraft:tuff":217,"minecraft:oak_log":32,"minecraft:yellow_bed":4,"minecraft:gunpowder":1,"minecraft:dirt":7,"minecraft:paper":33,"minecraft:cooked_mutton":13,"minecraft:apple":1,"minecraft:wheat_seeds":245,"minecraft:raw_gold":27,"minecraft:iron_ingot":92,"minecraft:stone_pickaxe":10,"minecraft:cooked_chicken":2,"minecraft:stripped_oak_wood":2,"minecraft:oak_planks":728,"minecraft:oak_slab":6,"minecraft:cooked_porkchop":3,"minecraft:dandelion":44,"minecraft:gravel":59,"minecraft:white_bed":12,"minecraft:iron_hoe":2,"minecraft:diamond":14,"minecraft:stone_axe":10,"minecraft:iron_helmet":10,"minecraft:granite":2,"minecraft:bone_meal":14,"minecraft:bread":21,"minecraft:oak_sapling":33,"minecraft:netherrack":25,"minecraft:coal":85,"minecraft:sunflower":91}},"DataVersion":3465}