{"stats":{"minecraft:dropped":{"minecraft:bread":131,"minecraft:wheat_seeds":2,"minecraft:tuff":106,"minecraft:rotten_flesh":2,"minecraft:gunpowder":1,"minecraft:diorite":255,"minecraft:wooden_axe":1},"minecraft:used":{"minecraft:oak_trapdoor":7,"minecraft:diorite":7,"minecraft:stone_sword":19,"minecraft:stone_pickaxe":1729,"minecraft:shield":12,"minecraft:wooden_pickaxe":60,"minecraft:cooked_chicken":2,"minecraft:torch":49,"minecraft:crafting_table":9,"minecraft:carrot":2,"minecraft:white_bed":3,"minecraft:tuff":111,"minecraft:granite":2,"minecraft:wooden_axe":58,"minecraft:apple":1,"minecraft:chicken":1,"minecraft:bread":13,"minecraft:iron_pickaxe":7,"minecraft:iron_helmet":2,"minecraft:stone_axe":7,"minecraft:cobblestone":235,"minecraft:beef":6,"minecraft:furnace":1,"minecraft:oak_sapling":4,"minecraft:porkchop":5,"minecraft:yellow_bed":4,"minecraft:egg":1,"minecraft:oak_boat":2},"minecraft:killed_by":{"minecraft:skeleton":2},"minecraft:crafted":{"minecraft:oak_planks":136,"minecraft:crafting_table":2,"minecraft:iron_helmet":1,"minecraft:wooden_pickaxe":1,"minecraft:cooked_chicken":2,"minecraft:furnace":1,"minecraft:stone_axe":1,"minecraft:bread":129,"minecraft:air":0,"minecraft:oak_trapdoor":8,"minecraft:oak_boat":2,"minecraft:paper":3,"minecraft:stick":48,"minecraft:iron_ingot":15,"minecraft:iron_pickaxe":1,"minecraft:stone_pickaxe":14,"minecraft:wooden_axe":1,"minecraft:stone_sword":1,"minecraft:torch":36,"minecraft:wheat":387},"minecraft:broken":{"minecraft:stone_pickaxe":12,"minecraft:wooden_axe":1,"minecraft:wooden_pickaxe":1},"minecraft:custom":{"minecraft:interact_with_furnace":14,"minecraft:mob_kills":14,"minecraft:interact_with_crafting_table":36,"minecraft:leave_game":1,"minecraft:time_since_death":239,"minecraft:time_since_rest":274,"minecraft:sprint_one_cm":151032,"minecraft:damage_taken":1356,"minecraft:walk_one_cm":101024,"minecraft:damage_blocked_by_shield":735,"minecraft:drop":36,"minecraft:damage_dealt":1870,"minecraft:talked_to_villager":7,"minecraft:fly_one_cm":366129,"minecraft:open_chest":4,"minecraft:crouch_one_cm":6831,"minecraft:play_time":55450,"minecraft:deaths":3,"minecraft:sneak_time":2456,"minecraft:walk_under_water_one_cm":342,"minecraft:boat_one_cm":14679,"minecraft:jump":1537,"minecraft:walk_on_water_one_cm":1499,"minecraft:total_world_time":55450,"minecraft:fall_one_cm":62874},"minecraft:killed":{"minecraft:pig":4,"minecraft:creeper":2,"minecraft:skeleton":1,"minecraft:zombie":1,"minecraft:chicken":1,"minecraft:villager":1,"minecraft:cow":4},"minecraft:mined":{"minecraft:tuff":111,"minecraft:white_bed":4,"minecraft:deepslate_diamond_ore":2,"minecraft:glow_lichen":2,"minecraft:crafting_table":8,"minecraft:torch":2,"minecraft:granite":2,"minecraft:cobblestone":7,"minecraft:deepslate_gold_ore":3,"minecraft:sugar_cane":1,"minecraft:diorite":308,"minecraft:wall_torch":2,"minecraft:hay_block":43,"minecraft:furnace":1,"minecraft:iron_ore":19,"minecraft:andesite":5,"minecraft:stripped_oak_wood":2,"minecraft:yellow_bed":4,"minecraft:grass":22,"minecraft:coal_ore":10,"minecraft:oak_log":32,"minecraft:stone":1326,"minecraft:oak_leaves":3},"minecraft:picked_up":{"minecraft:wooden_axe":1,"minecraft:crafting_table":9,"minecraft:chicken":1,"minecraft:leather":12,"minecraft:tuff":217,"minecraft:oak_log":32,"minecraft:yellow_bed":4,"minecraft:shield":2,"minecraft:gunpowder":1,"minecraft:paper":3,"minecraft:oak_trapdoor":5,"minecraft:apple":1,"minecraft:wheat_seeds":2,"minecraft:raw_gold":6,"minecraft:iron_ingot":7,"minecraft:stone_pickaxe":2,"minecraft:beef":7,"minecraft:oak_boat":2,"minecraft:stripped_oak_wood":2,"minecraft:iron_pickaxe":1,"minecraft:sugar_cane":3,"minecraft:oak_planks":64,"minecraft:furnace":2,"minecraft:egg":1,"minecraft:stick":12,"minecraft:raw_iron":19,"minecraft:torch":13,"minecraft:porkchop":5,"minecraft:diorite":262,"minecraft:white_bed":4,"minecraft:carrot":2,"minecraft:stone_sword":1,"minecraft:arrow":2,"minecraft:rotten_flesh":2,"minecraft:diamond":4,"minecraft:stone_axe":1,"minecraft:iron_helmet":1,"minecraft:hay_block":43,"minecraft:granite":2,"minecraft:bread":15,"minecraft:oak_sapling":4,"minecraft:coal":29,"minecraft:cobblestone":1866}},"DataVersion":3465}