{"stats":{"minecraft:killed_by":{"minecraft:player":1,"minecraft:iron_golem":2,"minecraft:bee":1,"minecraft:skeleton":8},"minecraft:broken":{"minecraft:stone_pickaxe":13,"minecraft:golden_sword":1,"minecraft:wooden_axe":1,"minecraft:wooden_pickaxe":1},"minecraft:crafted":{"minecraft:oak_planks":6768,"minecraft:smooth_stone":2,"minecraft:oak_sign":41,"minecraft:birch_boat":5,"minecraft:cooked_chicken":7,"minecraft:stone":2,"minecraft:lever":1,"minecraft:bookshelf":17,"minecraft:cooked_mutton":13,"minecraft:suspicious_stew":1,"minecraft:hopper":2,"minecraft:diamond_helmet":4,"minecraft:bow":23,"minecraft:diamond_leggings":1,"minecraft:chest":190,"minecraft:smoker":1,"minecraft:oak_slab":12,"minecraft:arrow":240,"minecraft:emerald":1096,"minecraft:diamond_axe":1,"minecraft:crafting_table":4,"minecraft:wooden_pickaxe":1,"minecraft:iron_helmet":1,"minecraft:smithing_table":2,"minecraft:fletching_table":3,"minecraft:birch_planks":1624,"minecraft:paper":3,"minecraft:diamond_pickaxe":1,"minecraft:stick":9433,"minecraft:iron_pickaxe":2,"minecraft:iron_ingot":19,"minecraft:stone_sword":2,"minecraft:gold_ingot":3,"minecraft:composter":1,"minecraft:shears":2,"minecraft:golden_carrot":66,"minecraft:tripwire_hook":10,"minecraft:furnace":3,"minecraft:blast_furnace":1,"minecraft:oak_trapdoor":392,"minecraft:flint_and_steel":2,"minecraft:iron_axe":2,"minecraft:iron_hoe":1,"minecraft:birch_chest_boat":5,"minecraft:stone_pickaxe":14,"minecraft:diamond_boots":3,"minecraft:wheat":387,"minecraft:iron_sword":1,"minecraft:bucket":3,"minecraft:stone_axe":1,"minecraft:enchanted_book":19,"minecraft:bread":309,"minecraft:air":0,"minecraft:oak_boat":2,"minecraft:oak_chest_boat":1,"minecraft:white_wool":1,"minecraft:wooden_axe":1,"minecraft:iron_shovel":3,"minecraft:iron_leggings":1,"minecraft:anvil":1,"minecraft:torch":36,"minecraft:diamond_chestplate":4},"minecraft:dropped":{"minecraft:birch_planks":1,"minecraft:lapis_lazuli":5,"minecraft:crafting_table":5,"minecraft:cookie":32,"minecraft:leather":16,"minecraft:dirt":36,"farmersdelight:onion":1,"minecraft:glistering_melon_slice":20,"minecraft:iron_pickaxe":5,"minecraft:bone":10,"minecraft:stone_axe":5,"minecraft:cobbled_deepslate":1,"minecraft:rotten_flesh":47,"minecraft:oak_planks":515,"minecraft:azure_bluet":4,"minecraft:poppy":5,"minecraft:gunpowder":6,"minecraft:chest":12,"minecraft:arrow":24,"minecraft:netherrack":21,"minecraft:enchanted_book":1,"minecraft:water_bucket":2,"minecraft:iron_ingot":35,"minecraft:bread":221,"minecraft:wheat_seeds":6,"minecraft:diamond_leggings":1,"minecraft:iron_helmet":6,"minecraft:feather":12,"minecraft:cobblestone":5054,"minecraft:coal":36,"minecraft:stick":447,"minecraft:oxeye_daisy":2,"minecraft:diorite":259,"minecraft:wooden_axe":1,"minecraft:iron_leggings":1,"minecraft:iron_axe":1,"minecraft:iron_shovel":4,"minecraft:paper":21,"minecraft:string":2962,"minecraft:tripwire_hook":8,"minecraft:dandelion":4,"farmersdelight:wheat_dough":3,"minecraft:furnace":5,"minecraft:oak_trapdoor":402,"minecraft:bowl":2,"minecraft:tuff":106,"minecraft:stone_shovel":1,"minecraft:raw_iron":20,"minecraft:iron_boots":1,"minecraft:oak_sign":34,"minecraft:flint_and_steel":1,"minecraft:shield":2,"minecraft:iron_chestplate":1,"minecraft:diamond_pickaxe":1,"minecraft:andesite":5,"minecraft:oak_sapling":24,"minecraft:oak_boat":6,"minecraft:golden_sword":1,"minecraft:barrel":33,"minecraft:diamond_boots":1,"minecraft:bow":39,"minecraft:stone_pickaxe":5,"minecraft:raw_gold":15},"minecraft:killed":{"minecraft:spider":7,"minecraft:skeleton":6,"minecraft:chicken":1,"minecraft:pig":4,"minecraft:iron_golem":5,"minecraft:creeper":6,"minecraft:pillager":3,"minecraft:zombie":18,"minecraft:cow":6,"minecraft:horse":1,"minecraft:player":1,"minecraft:villager":1,"minecraft:enderman":1},"minecraft:picked_up":{"minecraft:wooden_axe":1,"minecraft:iron_chestplate":5,"minecraft:wheat":167,"minecraft:suspicious_stew":7,"minecraft:smithing_table":1,"minecraft:oak_stairs":143,"minecraft:enchanted_book":1,"minecraft:golden_sword":7,"minecraft:string":15278,"minecraft:iron_leggings":5,"minecraft:oak_sign":38,"minecraft:diamond_leggings":4,"minecraft:cobbled_deepslate":1,"minecraft:smooth_stone":2,"minecraft:iron_pickaxe":12,"minecraft:iron_boots":5,"minecraft:furnace":13,"minecraft:stick":1075,"minecraft:composter":1,"minecraft:oak_fence":3,"minecraft:torch":49,"minecraft:porkchop":5,"minecraft:diorite":266,"minecraft:cauldron":1,"minecraft:stone_sword":7,"minecraft:rotten_flesh":50,"farmersdelight:onion":5,"minecraft:cobblestone":9073,"minecraft:birch_log":34,"minecraft:cooked_beef":1,"minecraft:water_bucket":6,"minecraft:andesite":7,"minecraft:smoker":2,"minecraft:flint":13,"minecraft:tuff":217,"minecraft:lapis_lazuli":10,"minecraft:dirt":283,"minecraft:name_tag":1,"minecraft:bone":13,"farmersdelight:wheat_dough":6,"minecraft:bow":73,"minecraft:wheat_seeds":912,"minecraft:raw_gold":27,"minecraft:bell":1,"minecraft:grindstone":1,"minecraft:diamond_helmet":3,"minecraft:fletching_table":14,"minecraft:stone_hoe":1,"minecraft:oak_planks":1164,"minecraft:cooked_porkchop":3,"minecraft:barrel":50,"minecraft:mossy_cobblestone":33,"minecraft:iron_hoe":3,"minecraft:diamond":16,"minecraft:lever":2,"minecraft:granite":2,"minecraft:bone_meal":14,"minecraft:bread":81,"minecraft:oak_sapling":261,"minecraft:netherrack":25,"minecraft:diamond_pickaxe":2,"minecraft:crafting_table":19,"minecraft:allium":7,"minecraft:azure_bluet":10,"minecraft:chicken":1,"minecraft:shield":10,"minecraft:cornflower":2,"minecraft:oak_trapdoor":552,"minecraft:iron_axe":3,"minecraft:flint_and_steel":3,"minecraft:iron_shovel":1,"minecraft:beef":10,"minecraft:oak_boat":14,"minecraft:poppy":13,"minecraft:sugar_cane":3,"minecraft:chest":75,"minecraft:egg":2,"minecraft:raw_iron":47,"minecraft:oak_door":5,"minecraft:cookie":174,"minecraft:carrot":3,"minecraft:arrow":39,"minecraft:stone_shovel":11,"minecraft:diamond_chestplate":3,"minecraft:shears":2,"minecraft:diamond_boots":2,"minecraft:hay_block":43,"minecraft:oak_chest_boat":1,"minecraft:glistering_melon_slice":10,"minecraft:gold_ingot":6,"minecraft:oxeye_daisy":9,"minecraft:stripped_oak_log":5,"minecraft:golden_carrot":50,"minecraft:tripwire_hook":9,"minecraft:leather":30,"minecraft:oak_log":202,"minecraft:yellow_bed":4,"minecraft:gunpowder":6,"minecraft:cobblestone_stairs":1,"minecraft:paper":36,"minecraft:cooked_mutton":26,"minecraft:apple":99,"minecraft:iron_ingot":113,"minecraft:stone_pickaxe":10,"minecraft:cooked_chicken":4,"minecraft:stripped_oak_wood":2,"minecraft:iron_sword":1,"minecraft:book":51,"minecraft:oak_slab":207,"minecraft:dandelion":44,"minecraft:gravel":59,"minecraft:white_bed":25,"minecraft:stone_axe":12,"minecraft:iron_helmet":11,"minecraft:birch_sign":1,"minecraft:coal":134,"minecraft:hopper":3,"minecraft:sunflower":91,"minecraft:ender_pearl":3},"minecraft:custom":{"minecraft:interact_with_crafting_table":91,"minecraft:open_barrel":13,"minecraft:leave_game":5,"minecraft:time_since_death":110125,"minecraft:sprint_one_cm":839677,"minecraft:damage_blocked_by_shield":1509,"minecraft:drop":471,"minecraft:talked_to_villager":313,"minecraft:play_time":443515,"minecraft:deaths":20,"minecraft:jump":8264,"minecraft:walk_on_water_one_cm":149048,"minecraft:interact_with_furnace":25,"minecraft:traded_with_villager":1237,"minecraft:sleep_in_bed":10,"minecraft:damage_dealt":14275,"minecraft:player_kills":2,"minecraft:crouch_one_cm":32710,"minecraft:interact_with_smoker":6,"minecraft:interact_with_smithing_table":1,"minecraft:mob_kills":59,"minecraft:interact_with_anvil":15,"minecraft:inspect_hopper":5,"minecraft:walk_one_cm":776328,"minecraft:sneak_time":14997,"minecraft:walk_under_water_one_cm":26818,"minecraft:boat_one_cm":139216,"minecraft:interact_with_blast_furnace":3,"minecraft:total_world_time":443515,"minecraft:interact_with_grindstone":5,"minecraft:time_since_rest":6070,"minecraft:damage_taken":8832,"minecraft:swim_one_cm":63596,"minecraft:fly_one_cm":1737462,"minecraft:open_chest":528,"minecraft:fall_one_cm":270523},"minecraft:used":{"minecraft:iron_shovel":83,"minecraft:poppy":5,"minecraft:oak_sign":50,"minecraft:chest":110,"minecraft:shield":55,"minecraft:iron_sword":82,"minecraft:rotten_flesh":3,"minecraft:iron_chestplate":1,"minecraft:carrot":3,"minecraft:allium":7,"minecraft:tuff":111,"minecraft:azure_bluet":6,"minecraft:iron_helmet":3,"minecraft:golden_sword":32,"minecraft:bow":23,"minecraft:oak_sapling":9,"minecraft:furnace":2,"minecraft:egg":2,"minecraft:oak_chest_boat":2,"minecraft:diorite":7,"minecraft:diamond_boots":3,"minecraft:stone_pickaxe":1828,"minecraft:oak_planks":9,"minecraft:wooden_pickaxe":60,"minecraft:composter":2,"minecraft:white_wool":1,"minecraft:blast_furnace":1,"minecraft:shears":6,"minecraft:lever":3,"minecraft:string":31,"minecraft:bread":50,"minecraft:gravel":59,"minecraft:grindstone":1,"minecraft:smithing_table":3,"minecraft:andesite":2,"minecraft:oak_boat":3,"minecraft:bone_meal":14,"minecraft:oak_trapdoor":20,"minecraft:stone_sword":76,"minecraft:flint_and_steel":18,"minecraft:cooked_chicken":7,"minecraft:netherrack":4,"minecraft:torch":49,"minecraft:dirt":223,"minecraft:anvil":1,"minecraft:hopper":5,"minecraft:diamond_helmet":2,"minecraft:granite":2,"minecraft:iron_hoe":77,"minecraft:wooden_axe":58,"minecraft:bookshelf":17,"minecraft:birch_chest_boat":5,"minecraft:iron_axe":115,"minecraft:iron_boots":1,"minecraft:barrel":9,"minecraft:diamond_chestplate":2,"minecraft:tripwire_hook":3,"minecraft:golden_carrot":12,"minecraft:beef":9,"minecraft:cooked_beef":1,"minecraft:iron_leggings":2,"minecraft:wheat_seeds":543,"minecraft:cooked_mutton":2,"minecraft:water_bucket":76,"minecraft:fletching_table":6,"farmersdelight:onion":3,"minecraft:oak_slab":20,"minecraft:crafting_table":15,"minecraft:birch_sign":1,"minecraft:white_bed":20,"minecraft:smoker":2,"minecraft:cornflower":2,"minecraft:apple":1,"minecraft:oxeye_daisy":7,"minecraft:sunflower":91,"minecraft:chicken":1,"minecraft:iron_pickaxe":307,"minecraft:suspicious_stew":2,"minecraft:stone_axe":49,"minecraft:cobblestone":550,"minecraft:porkchop":5,"minecraft:cooked_porkchop":3,"minecraft:bucket":79,"minecraft:yellow_bed":4,"minecraft:dandelion":40,"minecraft:diamond_leggings":3},"minecraft:mined":{"minecraft:white_bed":20,"minecraft:farmland":1,"minecraft:granite":2,"minecraft:grass_block":165,"minecraft:composter":1,"minecraft:hopper":3,"minecraft:oak_wall_sign":3,"minecraft:oxeye_daisy":11,"minecraft:cobbled_deepslate":1,"minecraft:iron_ore":19,"minecraft:fire":6,"minecraft:barrel":8,"minecraft:fletching_table":3,"minecraft:azure_bluet":11,"minecraft:dirt_path":1,"minecraft:oak_stairs":1,"minecraft:tripwire":18,"minecraft:smoker":1,"minecraft:torch":2,"minecraft:poppy":8,"minecraft:chest":53,"minecraft:cobblestone":85,"minecraft:grindstone":1,"minecraft:sugar_cane":1,"minecraft:oak_planks":27,"minecraft:wall_torch":2,"minecraft:wheat":28,"minecraft:stripped_oak_wood":2,"minecraft:grass":956,"minecraft:oak_log":36,"minecraft:dirt":86,"minecraft:tripwire_hook":1,"minecraft:netherrack":25,"minecraft:oak_leaves":3,"minecraft:deepslate":1,"minecraft:tuff":111,"minecraft:mossy_cobblestone":4,"minecraft:deepslate_diamond_ore":2,"immersive_portals:nether_portal_block":8,"farmersdelight:wild_carrots":1,"minecraft:glow_lichen":2,"minecraft:lever":2,"minecraft:hay_block":43,"farmersdelight:wild_onions":3,"minecraft:oak_trapdoor":5,"minecraft:furnace":2,"minecraft:andesite":7,"minecraft:bookshelf":17,"minecraft:stripped_oak_log":5,"minecraft:stone":1606,"minecraft:smithing_table":2,"minecraft:oak_slab":11,"minecraft:glass_pane":3,"minecraft:dandelion":60,"minecraft:crafting_table":11,"minecraft:cornflower":4,"minecraft:tall_grass":57,"minecraft:deepslate_gold_ore":3,"minecraft:diorite":308,"minecraft:ice":1,"minecraft:bee_nest":1,"minecraft:yellow_bed":4,"minecraft:coal_ore":10,"minecraft:sunflower":97,"minecraft:gravel":64}},"DataVersion":3465}