{"stats":{"minecraft:used":{"minecraft:wooden_axe":25,"minecraft:stone_pickaxe":262,"minecraft:chicken":1,"minecraft:bread":3,"minecraft:wooden_pickaxe":60,"minecraft:cobblestone":1,"minecraft:crafting_table":5,"minecraft:porkchop":5,"minecraft:oak_boat":2,"minecraft:egg":1},"minecraft:dropped":{"minecraft:bread":96,"minecraft:wheat_seeds":2,"minecraft:rotten_flesh":2},"minecraft:crafted":{"minecraft:oak_boat":2,"minecraft:oak_planks":32,"minecraft:crafting_table":1,"minecraft:stick":8,"minecraft:wooden_pickaxe":1,"minecraft:stone_pickaxe":2,"minecraft:wooden_axe":1,"minecraft:furnace":1,"minecraft:bread":129,"minecraft:wheat":387},"minecraft:broken":{"minecraft:stone_pickaxe":2,"minecraft:wooden_pickaxe":1},"minecraft:custom":{"minecraft:time_since_rest":19450,"minecraft:sprint_one_cm":43587,"minecraft:damage_taken":85,"minecraft:walk_one_cm":31618,"minecraft:mob_kills":9,"minecraft:drop":5,"minecraft:damage_dealt":874,"minecraft:talked_to_villager":4,"minecraft:interact_with_crafting_table":16,"minecraft:fly_one_cm":115425,"minecraft:crouch_one_cm":1256,"minecraft:play_time":19450,"minecraft:sneak_time":442,"minecraft:walk_under_water_one_cm":342,"minecraft:boat_one_cm":14679,"minecraft:jump":455,"minecraft:leave_game":1,"minecraft:time_since_death":19450,"minecraft:walk_on_water_one_cm":854,"minecraft:total_world_time":19450,"minecraft:fall_one_cm":13960},"minecraft:killed":{"minecraft:pig":4,"minecraft:chicken":1,"minecraft:cow":4},"minecraft:picked_up":{"minecraft:raw_iron":3,"minecraft:crafting_table":5,"minecraft:chicken":1,"minecraft:leather":6,"minecraft:torch":8,"minecraft:porkchop":5,"minecraft:oak_log":6,"minecraft:yellow_bed":1,"minecraft:rotten_flesh":2,"minecraft:wheat_seeds":2,"minecraft:hay_block":43,"minecraft:beef":6,"minecraft:oak_boat":1,"minecraft:stripped_oak_wood":2,"minecraft:coal":7,"minecraft:sugar_cane":3,"minecraft:cobblestone":254,"minecraft:egg":1},"minecraft:mined":{"minecraft:hay_block":43,"minecraft:iron_ore":3,"minecraft:stripped_oak_wood":2,"minecraft:yellow_bed":1,"minecraft:crafting_table":5,"minecraft:grass":14,"minecraft:oak_log":6,"minecraft:stone":318,"minecraft:sugar_cane":1,"minecraft:oak_leaves":3}},"DataVersion":3465}