{"stats":{"minecraft:mined":{"minecraft:white_bed":24,"minecraft:farmland":1,"minecraft:granite":2,"minecraft:grass_block":181,"minecraft:composter":1,"minecraft:hopper":3,"minecraft:oak_wall_sign":4,"minecraft:oxeye_daisy":11,"minecraft:iron_ore":23,"minecraft:cobbled_deepslate":1,"minecraft:fire":6,"minecraft:barrel":9,"minecraft:fletching_table":3,"minecraft:azure_bluet":11,"minecraft:dirt_path":1,"minecraft:oak_stairs":1,"minecraft:tripwire":19,"minecraft:smoker":1,"minecraft:powder_snow":18,"minecraft:torch":2,"minecraft:poppy":8,"minecraft:chest":53,"minecraft:cobblestone":85,"minecraft:oak_planks":29,"minecraft:sugar_cane":2,"minecraft:grindstone":1,"minecraft:wall_torch":5,"minecraft:pink_petals":1,"minecraft:powered_rail":2,"minecraft:wheat":28,"minecraft:stripped_oak_wood":2,"minecraft:grass":967,"minecraft:oak_log":36,"minecraft:dirt":91,"minecraft:crimson_planks":60,"minecraft:tripwire_hook":1,"minecraft:netherrack":25,"minecraft:oak_leaves":6,"minecraft:deepslate":69,"minecraft:tuff":111,"minecraft:mossy_cobblestone":4,"minecraft:deepslate_diamond_ore":2,"minecraft:oak_door":2,"immersive_portals:nether_portal_block":8,"farmersdelight:wild_carrots":1,"minecraft:glow_lichen":2,"minecraft:lever":2,"minecraft:spruce_leaves":5,"minecraft:hay_block":43,"farmersdelight:wild_onions":3,"minecraft:oak_trapdoor":5,"minecraft:furnace":2,"minecraft:andesite":20,"minecraft:bookshelf":17,"minecraft:rail":21,"minecraft:stripped_oak_log":5,"minecraft:stone":1679,"minecraft:smithing_table":4,"minecraft:oak_slab":16,"minecraft:glass_pane":3,"minecraft:dandelion":60,"minecraft:cornflower":4,"minecraft:crafting_table":11,"minecraft:lectern":4,"minecraft:tall_grass":69,"minecraft:deepslate_gold_ore":3,"minecraft:diorite":308,"minecraft:redstone_torch":1,"minecraft:ice":1,"minecraft:birch_leaves":1,"minecraft:bee_nest":1,"minecraft:yellow_bed":4,"minecraft:coal_ore":10,"minecraft:sunflower":100,"minecraft:gravel":522,"minecraft:cobweb":3,"minecraft:cracked_stone_bricks":4,"minecraft:stone_bricks":5,"minecraft:mossy_stone_bricks":1},"minecraft:killed_by":{"minecraft:player":1,"minecraft:iron_golem":2,"minecraft:bee":1,"minecraft:skeleton":8},"minecraft:custom":{"minecraft:interact_with_crafting_table":102,"minecraft:open_barrel":21,"minecraft:leave_game":10,"minecraft:time_since_death":79938,"minecraft:sprint_one_cm":1229457,"minecraft:damage_blocked_by_shield":1509,"minecraft:drop":748,"minecraft:talked_to_villager":412,"minecraft:play_time":671001,"minecraft:deaths":23,"minecraft:jump":14185,"minecraft:walk_on_water_one_cm":242550,"minecraft:interact_with_furnace":27,"minecraft:traded_with_villager":1547,"minecraft:sleep_in_bed":17,"minecraft:damage_dealt":17911,"minecraft:player_kills":3,"minecraft:crouch_one_cm":44462,"minecraft:interact_with_smoker":7,"minecraft:interact_with_smithing_table":5,"minecraft:interact_with_anvil":20,"minecraft:mob_kills":82,"minecraft:inspect_hopper":5,"minecraft:climb_one_cm":1204,"minecraft:walk_one_cm":1100847,"minecraft:sneak_time":21541,"minecraft:walk_under_water_one_cm":103378,"minecraft:boat_one_cm":230980,"minecraft:interact_with_lectern":1,"minecraft:interact_with_blast_furnace":3,"minecraft:total_world_time":671001,"minecraft:interact_with_grindstone":5,"minecraft:time_since_rest":2101,"minecraft:damage_taken":11815,"minecraft:swim_one_cm":312466,"minecraft:fly_one_cm":2713798,"minecraft:open_chest":719,"minecraft:fall_one_cm":385713},"minecraft:dropped":{"farmersdelight:iron_knife":2,"minecraft:birch_planks":1,"minecraft:lapis_lazuli":5,"minecraft:ender_pearl":3,"minecraft:crafting_table":5,"minecraft:cookie":64,"minecraft:leather":16,"minecraft:rail":13,"minecraft:birch_slab":12,"minecraft:flint":1,"minecraft:emerald":43,"minecraft:dirt":88,"minecraft:snowball":620,"farmersdelight:onion":1,"minecraft:gold_nugget":4,"minecraft:sunflower":10,"minecraft:glistering_melon_slice":20,"minecraft:iron_pickaxe":9,"minecraft:bone":12,"minecraft:gravel":2,"minecraft:stone_axe":5,"minecraft:sugar_cane":2,"minecraft:cobbled_deepslate":82,"minecraft:rotten_flesh":55,"minecraft:oak_planks":515,"minecraft:azure_bluet":4,"minecraft:white_bed":1,"minecraft:salmon":1,"minecraft:poppy":5,"minecraft:gunpowder":9,"minecraft:birch_trapdoor":8,"minecraft:chest":12,"minecraft:arrow":24,"minecraft:powered_rail":2,"minecraft:written_book":1,"minecraft:netherrack":21,"minecraft:water_bucket":11,"minecraft:enchanted_book":1,"minecraft:golden_boots":1,"minecraft:iron_ingot":35,"minecraft:bread":221,"minecraft:wheat_seeds":10,"minecraft:diamond_leggings":1,"minecraft:iron_helmet":6,"minecraft:feather":12,"minecraft:cobblestone":5055,"minecraft:apple":31,"minecraft:coal":172,"minecraft:stick":649,"minecraft:oxeye_daisy":2,"minecraft:diorite":259,"minecraft:golden_carrot":257,"minecraft:torch":32,"minecraft:wooden_axe":1,"minecraft:diamond_helmet":4,"minecraft:iron_leggings":1,"minecraft:iron_axe":29,"minecraft:iron_shovel":9,"minecraft:paper":21,"minecraft:string":8075,"minecraft:tripwire_hook":8,"minecraft:spruce_sapling":1,"minecraft:dandelion":4,"farmersdelight:wheat_dough":5,"minecraft:furnace":5,"minecraft:oak_trapdoor":408,"minecraft:smooth_stone_slab":1,"minecraft:bowl":2,"minecraft:tuff":106,"minecraft:raw_iron":20,"minecraft:stone_shovel":9,"minecraft:iron_boots":1,"farmersdelight:straw":1,"minecraft:oak_sign":34,"minecraft:flint_and_steel":1,"minecraft:suspicious_stew":2,"minecraft:filled_map":1,"farmersdelight:flint_knife":5,"minecraft:shield":7,"minecraft:diamond_pickaxe":2,"minecraft:dragon_egg":1,"minecraft:iron_chestplate":1,"minecraft:andesite":20,"minecraft:oak_sapling":24,"minecraft:oak_boat":6,"minecraft:golden_sword":2,"minecraft:redstone_torch":5,"minecraft:barrel":41,"minecraft:stone_bricks":1,"minecraft:diamond_boots":1,"minecraft:bow":39,"minecraft:stone_pickaxe":5,"minecraft:raw_gold":15},"minecraft:broken":{"minecraft:stone_pickaxe":13,"minecraft:golden_sword":1,"minecraft:wooden_axe":1,"minecraft:wooden_pickaxe":1},"minecraft:used":{"minecraft:writable_book":3,"minecraft:iron_shovel":99,"minecraft:poppy":7,"minecraft:oak_sign":50,"minecraft:chest":112,"minecraft:shield":55,"minecraft:iron_sword":117,"minecraft:rotten_flesh":7,"minecraft:iron_chestplate":1,"minecraft:carrot":3,"minecraft:allium":7,"minecraft:tuff":111,"minecraft:snowball":98,"minecraft:azure_bluet":6,"minecraft:iron_helmet":3,"minecraft:stone_bricks":2,"minecraft:golden_sword":32,"farmersdelight:wheat_dough":2,"minecraft:bow":148,"minecraft:written_book":1,"minecraft:oak_sapling":9,"minecraft:furnace":2,"minecraft:gold_block":20,"minecraft:egg":4,"minecraft:oak_chest_boat":2,"minecraft:mossy_stone_bricks":1,"minecraft:diorite":7,"minecraft:diamond_boots":3,"minecraft:oak_planks":12,"minecraft:stone_pickaxe":1828,"minecraft:powered_rail":6,"minecraft:ender_pearl":2,"minecraft:wooden_pickaxe":60,"minecraft:composter":2,"minecraft:sugar_cane":1,"minecraft:cookie":16,"minecraft:white_wool":1,"minecraft:blast_furnace":2,"minecraft:shears":6,"minecraft:redstone_torch":2,"minecraft:lever":3,"minecraft:string":32,"minecraft:bread":50,"minecraft:lectern":4,"minecraft:deepslate":1,"minecraft:gravel":474,"minecraft:diamond_sword":19,"minecraft:grindstone":1,"minecraft:smithing_table":6,"minecraft:andesite":2,"minecraft:oak_boat":23,"minecraft:bone_meal":14,"minecraft:oak_trapdoor":20,"minecraft:stone_sword":76,"farmersdelight:diamond_knife":4,"minecraft:flint_and_steel":19,"minecraft:cooked_chicken":7,"minecraft:netherrack":4,"minecraft:oak_door":1,"minecraft:torch":105,"minecraft:dirt":242,"minecraft:anvil":1,"farmersdelight:flint_knife":6,"minecraft:hopper":5,"minecraft:diamond_helmet":2,"minecraft:granite":2,"minecraft:iron_hoe":77,"minecraft:wooden_axe":58,"minecraft:bookshelf":17,"minecraft:birch_chest_boat":5,"minecraft:iron_axe":189,"minecraft:iron_boots":1,"minecraft:crimson_planks":66,"minecraft:barrel":10,"minecraft:diamond_chestplate":2,"minecraft:tripwire_hook":3,"minecraft:golden_carrot":43,"minecraft:beef":9,"minecraft:cooked_beef":1,"minecraft:cobbled_deepslate":1,"minecraft:powder_snow_bucket":2,"minecraft:iron_leggings":2,"minecraft:wheat_seeds":543,"minecraft:cooked_mutton":2,"minecraft:water_bucket":174,"minecraft:fletching_table":6,"minecraft:cracked_stone_bricks":5,"minecraft:diamond_block":5,"farmersdelight:onion":3,"minecraft:rail":9,"minecraft:oak_slab":26,"minecraft:crafting_table":16,"minecraft:birch_sign":1,"minecraft:white_bed":22,"minecraft:smoker":3,"minecraft:cornflower":2,"minecraft:diamond_pickaxe":152,"minecraft:apple":4,"minecraft:oxeye_daisy":7,"minecraft:sunflower":93,"minecraft:chicken":1,"minecraft:iron_pickaxe":324,"minecraft:suspicious_stew":6,"minecraft:map":1,"minecraft:stone_axe":49,"minecraft:pink_petals":4,"minecraft:cobblestone":594,"minecraft:porkchop":5,"minecraft:cooked_porkchop":3,"minecraft:bucket":179,"minecraft:yellow_bed":4,"minecraft:dandelion":40,"minecraft:diamond_leggings":3},"minecraft:crafted":{"minecraft:smooth_stone":2,"minecraft:oak_planks":6784,"minecraft:oak_sign":41,"minecraft:birch_boat":5,"minecraft:cooked_chicken":7,"minecraft:stone":2,"minecraft:lever":1,"minecraft:bookshelf":17,"minecraft:cooked_mutton":13,"minecraft:suspicious_stew":1,"minecraft:hopper":2,"minecraft:diamond_helmet":5,"minecraft:bow":23,"minecraft:diamond_leggings":2,"minecraft:chest":192,"minecraft:smoker":1,"minecraft:oak_slab":12,"minecraft:arrow":320,"minecraft:emerald":1327,"minecraft:diamond_axe":2,"minecraft:crafting_table":4,"farmersdelight:flint_knife":2,"minecraft:wooden_pickaxe":1,"minecraft:iron_helmet":1,"minecraft:smithing_table":2,"minecraft:fletching_table":3,"minecraft:birch_planks":1624,"minecraft:campfire":1,"minecraft:book":1,"minecraft:paper":3,"minecraft:diamond_pickaxe":1,"minecraft:stick":9433,"minecraft:iron_ingot":19,"minecraft:iron_pickaxe":2,"minecraft:stone_sword":2,"minecraft:gold_ingot":3,"minecraft:redstone_torch":4,"minecraft:composter":1,"minecraft:shears":2,"minecraft:golden_carrot":159,"minecraft:redstone":9,"minecraft:stone_shovel":1,"minecraft:tripwire_hook":10,"minecraft:furnace":3,"minecraft:blast_furnace":1,"minecraft:oak_trapdoor":392,"minecraft:flint_and_steel":3,"minecraft:iron_axe":34,"minecraft:iron_hoe":1,"minecraft:birch_chest_boat":5,"minecraft:stone_pickaxe":14,"minecraft:diamond_boots":4,"minecraft:wheat":387,"minecraft:diamond_sword":4,"minecraft:powered_rail":6,"minecraft:iron_sword":1,"minecraft:bucket":3,"minecraft:stone_axe":1,"minecraft:enchanted_book":19,"minecraft:bread":309,"minecraft:air":0,"minecraft:oak_boat":2,"minecraft:oak_chest_boat":1,"minecraft:white_wool":1,"minecraft:wooden_axe":1,"minecraft:writable_book":1,"minecraft:iron_shovel":4,"minecraft:iron_leggings":1,"minecraft:anvil":1,"minecraft:torch":36,"minecraft:diamond_chestplate":5},"minecraft:picked_up":{"minecraft:wooden_axe":1,"minecraft:iron_chestplate":5,"minecraft:wheat":167,"minecraft:redstone_block":32,"minecraft:suspicious_stew":7,"minecraft:smithing_table":4,"minecraft:lead":2,"minecraft:diamond_sword":3,"minecraft:oak_stairs":146,"minecraft:enchanted_book":1,"minecraft:crimson_planks":60,"minecraft:golden_sword":8,"minecraft:string":23357,"minecraft:smooth_stone_slab":1,"minecraft:iron_leggings":5,"minecraft:oak_sign":38,"minecraft:diamond_leggings":6,"minecraft:smooth_stone":2,"minecraft:gold_nugget":4,"minecraft:cobbled_deepslate":96,"minecraft:redstone_torch":3,"minecraft:written_book":1,"minecraft:iron_pickaxe":19,"minecraft:iron_boots":5,"minecraft:furnace":13,"minecraft:stick":1352,"minecraft:composter":1,"minecraft:birch_trapdoor":16,"minecraft:oak_fence":3,"minecraft:torch":185,"minecraft:porkchop":5,"minecraft:diorite":267,"minecraft:cauldron":1,"minecraft:stone_sword":7,"minecraft:rotten_flesh":63,"farmersdelight:onion":5,"minecraft:obsidian":14,"minecraft:snowball":692,"minecraft:cobblestone":9118,"minecraft:birch_log":240,"minecraft:pink_petals":4,"minecraft:cooked_beef":1,"minecraft:birch_slab":24,"minecraft:water_bucket":15,"minecraft:andesite":24,"minecraft:smoker":3,"minecraft:flint":434,"minecraft:tuff":217,"minecraft:lapis_lazuli":10,"minecraft:dirt":407,"minecraft:name_tag":2,"minecraft:bone":20,"farmersdelight:iron_knife":2,"farmersdelight:wheat_dough":10,"minecraft:bow":92,"minecraft:wheat_seeds":916,"minecraft:raw_gold":27,"minecraft:bell":1,"minecraft:grindstone":1,"minecraft:mossy_stone_bricks":1,"minecraft:fletching_table":14,"minecraft:diamond_helmet":7,"minecraft:powered_rail":2,"minecraft:stone_hoe":1,"minecraft:oak_planks":1210,"minecraft:cooked_porkchop":3,"minecraft:ink_sac":2,"minecraft:barrel":67,"minecraft:mossy_cobblestone":33,"minecraft:iron_hoe":3,"minecraft:diamond":20,"minecraft:deepslate":1,"minecraft:writable_book":2,"minecraft:lever":2,"minecraft:deepslate_gold_ore":6,"minecraft:granite":2,"minecraft:bone_meal":14,"minecraft:emerald":86,"minecraft:bread":81,"minecraft:oak_sapling":449,"minecraft:netherrack":72,"minecraft:diamond_pickaxe":3,"minecraft:crafting_table":20,"minecraft:allium":7,"minecraft:azure_bluet":10,"minecraft:chicken":1,"minecraft:gold_block":20,"minecraft:shield":15,"farmersdelight:diamond_knife":1,"minecraft:cornflower":2,"minecraft:oak_trapdoor":564,"minecraft:iron_axe":37,"minecraft:flint_and_steel":3,"minecraft:iron_shovel":10,"minecraft:cracked_stone_bricks":5,"minecraft:beef":10,"farmersdelight:straw":1,"minecraft:oak_boat":34,"minecraft:poppy":15,"minecraft:lectern":4,"minecraft:sugar_cane":10,"minecraft:chest":75,"minecraft:birch_sapling":23,"minecraft:egg":4,"minecraft:raw_iron":47,"minecraft:oak_door":6,"minecraft:bowl":2,"minecraft:cookie":174,"minecraft:carrot":3,"minecraft:arrow":58,"minecraft:stone_shovel":19,"minecraft:diamond_chestplate":4,"minecraft:shears":2,"minecraft:diamond_boots":4,"minecraft:hay_block":43,"minecraft:oak_chest_boat":1,"minecraft:glistering_melon_slice":10,"minecraft:gold_ingot":6,"minecraft:rail":23,"minecraft:oxeye_daisy":9,"minecraft:stripped_oak_log":5,"minecraft:golden_carrot":216,"minecraft:tripwire_hook":9,"minecraft:salmon":1,"minecraft:leather":37,"minecraft:oak_log":711,"minecraft:golden_boots":1,"minecraft:yellow_bed":4,"minecraft:gunpowder":12,"minecraft:cobblestone_stairs":1,"farmersdelight:flint_knife":4,"minecraft:paper":72,"minecraft:cooked_mutton":26,"minecraft:apple":131,"minecraft:stone_bricks":3,"minecraft:iron_ingot":121,"minecraft:stone_pickaxe":10,"minecraft:cooked_chicken":4,"minecraft:stripped_oak_wood":2,"minecraft:iron_sword":1,"minecraft:book":51,"minecraft:oak_slab":230,"minecraft:dandelion":44,"minecraft:gravel":476,"minecraft:spruce_sapling":1,"minecraft:blast_furnace":1,"minecraft:white_bed":29,"minecraft:dragon_egg":1,"minecraft:stone_axe":12,"minecraft:iron_helmet":11,"minecraft:birch_sign":5,"minecraft:coal":342,"minecraft:hopper":3,"minecraft:sunflower":113,"minecraft:ender_pearl":8},"minecraft:killed":{"minecraft:zombified_piglin":5,"minecraft:spider":7,"minecraft:skeleton":10,"minecraft:chicken":1,"minecraft:silverfish":1,"minecraft:pig":4,"minecraft:salmon":1,"minecraft:iron_golem":7,"minecraft:creeper":6,"minecraft:pillager":3,"minecraft:zombie":22,"minecraft:cow":6,"minecraft:horse":1,"minecraft:drowned":1,"minecraft:player":2,"minecraft:villager":5,"minecraft:enderman":2}},"DataVersion":3465}