{"stats":{"minecraft:dropped":{"minecraft:iron_ingot":35,"minecraft:bread":169,"minecraft:wheat_seeds":6,"minecraft:lapis_lazuli":5,"minecraft:crafting_table":5,"minecraft:feather":12,"minecraft:iron_helmet":6,"minecraft:cobblestone":4069,"minecraft:leather":16,"minecraft:coal":36,"minecraft:stick":161,"minecraft:dirt":8,"minecraft:oxeye_daisy":2,"minecraft:diorite":259,"minecraft:wooden_axe":1,"minecraft:iron_leggings":1,"farmersdelight:onion":1,"minecraft:iron_axe":1,"minecraft:glistering_melon_slice":20,"minecraft:iron_pickaxe":5,"minecraft:iron_shovel":1,"minecraft:paper":21,"minecraft:string":2466,"farmersdelight:wheat_dough":3,"minecraft:dandelion":4,"minecraft:furnace":5,"minecraft:stone_axe":5,"minecraft:oak_trapdoor":16,"minecraft:tuff":106,"minecraft:stone_shovel":1,"minecraft:raw_iron":20,"minecraft:rotten_flesh":4,"minecraft:iron_boots":1,"minecraft:oak_planks":447,"minecraft:azure_bluet":4,"minecraft:oak_sign":34,"minecraft:poppy":5,"minecraft:shield":2,"minecraft:gunpowder":1,"minecraft:iron_chestplate":1,"minecraft:diamond_pickaxe":1,"minecraft:andesite":5,"minecraft:chest":12,"minecraft:oak_sapling":24,"minecraft:oak_boat":6,"minecraft:golden_sword":1,"minecraft:barrel":33,"minecraft:diamond_boots":1,"minecraft:bow":37,"minecraft:arrow":12,"minecraft:stone_pickaxe":5,"minecraft:raw_gold":15,"minecraft:netherrack":21},"minecraft:used":{"minecraft:oak_trapdoor":14,"minecraft:stone_sword":76,"minecraft:iron_shovel":83,"minecraft:poppy":5,"minecraft:oak_sign":45,"minecraft:chest":92,"minecraft:shield":26,"minecraft:cooked_chicken":7,"minecraft:rotten_flesh":3,"minecraft:netherrack":4,"minecraft:iron_chestplate":1,"minecraft:torch":49,"minecraft:dirt":79,"minecraft:hopper":3,"minecraft:carrot":3,"minecraft:allium":7,"minecraft:tuff":111,"minecraft:granite":2,"minecraft:azure_bluet":6,"minecraft:iron_hoe":76,"minecraft:wooden_axe":58,"minecraft:birch_chest_boat":5,"minecraft:iron_axe":56,"minecraft:iron_helmet":3,"minecraft:iron_boots":1,"minecraft:barrel":3,"minecraft:golden_sword":29,"minecraft:beef":9,"minecraft:oak_sapling":9,"minecraft:furnace":2,"minecraft:egg":2,"minecraft:cooked_beef":1,"minecraft:oak_chest_boat":1,"minecraft:iron_leggings":2,"minecraft:wheat_seeds":542,"minecraft:cooked_mutton":2,"minecraft:water_bucket":16,"minecraft:diorite":7,"minecraft:diamond_boots":1,"minecraft:stone_pickaxe":1828,"minecraft:oak_planks":9,"minecraft:fletching_table":6,"minecraft:wooden_pickaxe":60,"minecraft:composter":2,"minecraft:white_wool":1,"farmersdelight:onion":3,"minecraft:oak_slab":18,"minecraft:crafting_table":15,"minecraft:blast_furnace":1,"minecraft:white_bed":8,"minecraft:smoker":1,"minecraft:lever":2,"minecraft:cornflower":2,"minecraft:apple":1,"minecraft:oxeye_daisy":7,"minecraft:sunflower":91,"minecraft:chicken":1,"minecraft:bread":17,"minecraft:string":4,"minecraft:iron_pickaxe":84,"minecraft:gravel":59,"minecraft:stone_axe":49,"minecraft:cobblestone":496,"minecraft:cooked_porkchop":3,"minecraft:porkchop":5,"minecraft:andesite":2,"minecraft:bucket":18,"minecraft:yellow_bed":4,"minecraft:oak_boat":3,"minecraft:diamond_leggings":1,"minecraft:dandelion":40,"minecraft:bone_meal":14},"minecraft:killed_by":{"minecraft:iron_golem":2,"minecraft:bee":1,"minecraft:skeleton":4},"minecraft:crafted":{"minecraft:smooth_stone":2,"minecraft:oak_planks":1936,"minecraft:oak_sign":41,"minecraft:birch_boat":5,"minecraft:cooked_chicken":7,"minecraft:furnace":3,"minecraft:blast_furnace":1,"minecraft:stone":2,"minecraft:cooked_mutton":13,"minecraft:flint_and_steel":1,"minecraft:oak_trapdoor":8,"minecraft:hopper":1,"minecraft:bow":19,"minecraft:iron_axe":1,"minecraft:birch_chest_boat":5,"minecraft:iron_hoe":1,"minecraft:stone_pickaxe":14,"minecraft:chest":180,"minecraft:diamond_boots":2,"minecraft:smoker":1,"minecraft:wheat":387,"minecraft:oak_slab":12,"minecraft:arrow":128,"minecraft:emerald":105,"minecraft:crafting_table":4,"minecraft:wooden_pickaxe":1,"minecraft:iron_helmet":1,"minecraft:fletching_table":3,"minecraft:birch_planks":856,"minecraft:bucket":2,"minecraft:stone_axe":1,"minecraft:bread":231,"minecraft:air":0,"minecraft:oak_boat":2,"minecraft:oak_chest_boat":1,"minecraft:white_wool":1,"minecraft:paper":3,"minecraft:stick":834,"minecraft:iron_ingot":19,"minecraft:iron_pickaxe":1,"minecraft:iron_shovel":3,"minecraft:wooden_axe":1,"minecraft:stone_sword":2,"minecraft:gold_ingot":3,"minecraft:iron_leggings":1,"minecraft:composter":1,"minecraft:torch":36},"minecraft:broken":{"minecraft:wooden_pickaxe":1,"minecraft:stone_pickaxe":13,"minecraft:wooden_axe":1},"minecraft:custom":{"minecraft:mob_kills":23,"minecraft:inspect_hopper":2,"minecraft:open_barrel":9,"minecraft:interact_with_crafting_table":74,"minecraft:leave_game":1,"minecraft:time_since_death":83255,"minecraft:sprint_one_cm":415107,"minecraft:walk_one_cm":437786,"minecraft:damage_blocked_by_shield":1455,"minecraft:drop":335,"minecraft:talked_to_villager":82,"minecraft:play_time":205450,"minecraft:deaths":9,"minecraft:sneak_time":7612,"minecraft:walk_under_water_one_cm":5685,"minecraft:boat_one_cm":71685,"minecraft:jump":4095,"minecraft:interact_with_blast_furnace":3,"minecraft:walk_on_water_one_cm":61666,"minecraft:total_world_time":205450,"minecraft:interact_with_furnace":23,"minecraft:traded_with_villager":151,"minecraft:sleep_in_bed":3,"minecraft:time_since_rest":83282,"minecraft:damage_taken":3741,"minecraft:damage_dealt":7283,"minecraft:player_kills":1,"minecraft:swim_one_cm":19073,"minecraft:fly_one_cm":841919,"minecraft:open_chest":203,"minecraft:crouch_one_cm":18437,"minecraft:interact_with_smoker":3,"minecraft:fall_one_cm":133461},"minecraft:killed":{"minecraft:horse":1,"minecraft:skeleton":1,"minecraft:chicken":1,"minecraft:pig":4,"minecraft:iron_golem":3,"minecraft:creeper":2,"minecraft:pillager":3,"minecraft:zombie":1,"minecraft:villager":1,"minecraft:cow":6},"minecraft:mined":{"minecraft:tuff":111,"minecraft:white_bed":9,"minecraft:farmland":1,"minecraft:deepslate_diamond_ore":2,"farmersdelight:wild_carrots":1,"minecraft:lever":2,"minecraft:glow_lichen":2,"minecraft:granite":2,"minecraft:grass_block":88,"minecraft:oak_wall_sign":3,"minecraft:hopper":2,"minecraft:composter":1,"minecraft:oxeye_daisy":11,"farmersdelight:wild_onions":3,"minecraft:hay_block":43,"minecraft:oak_trapdoor":2,"minecraft:furnace":2,"minecraft:iron_ore":19,"minecraft:barrel":2,"minecraft:andesite":7,"minecraft:fletching_table":3,"minecraft:azure_bluet":11,"minecraft:dirt_path":1,"minecraft:stripped_oak_log":5,"minecraft:stone":1413,"minecraft:tripwire":4,"minecraft:oak_slab":9,"minecraft:dandelion":60,"minecraft:cornflower":4,"minecraft:crafting_table":11,"minecraft:torch":2,"minecraft:poppy":8,"minecraft:chest":45,"minecraft:tall_grass":57,"minecraft:cobblestone":66,"minecraft:deepslate_gold_ore":3,"minecraft:oak_planks":26,"minecraft:sugar_cane":1,"minecraft:diorite":308,"minecraft:wall_torch":2,"minecraft:wheat":28,"minecraft:ice":1,"minecraft:stripped_oak_wood":2,"minecraft:bee_nest":1,"minecraft:yellow_bed":4,"minecraft:grass":955,"minecraft:oak_log":32,"minecraft:coal_ore":10,"minecraft:sunflower":97,"minecraft:gravel":64,"minecraft:dirt":4,"minecraft:netherrack":25,"minecraft:oak_leaves":3},"minecraft:picked_up":{"minecraft:wooden_axe":1,"minecraft:crafting_table":19,"minecraft:iron_chestplate":5,"minecraft:wheat":166,"minecraft:allium":7,"minecraft:azure_bluet":10,"minecraft:chicken":1,"minecraft:golden_sword":7,"minecraft:shield":9,"minecraft:iron_axe":2,"minecraft:cornflower":2,"minecraft:string":4540,"minecraft:oak_trapdoor":32,"minecraft:flint_and_steel":3,"minecraft:iron_leggings":5,"minecraft:iron_shovel":1,"minecraft:oak_sign":38,"minecraft:diamond_leggings":1,"minecraft:smooth_stone":1,"minecraft:beef":10,"minecraft:oak_boat":14,"minecraft:chest":65,"minecraft:poppy":10,"minecraft:iron_pickaxe":11,"minecraft:sugar_cane":3,"minecraft:egg":2,"minecraft:iron_boots":5,"minecraft:furnace":13,"minecraft:raw_iron":47,"minecraft:stick":466,"minecraft:composter":1,"minecraft:torch":15,"minecraft:porkchop":5,"minecraft:diorite":266,"minecraft:carrot":3,"minecraft:diamond_chestplate":1,"minecraft:stone_shovel":1,"minecraft:stone_sword":7,"minecraft:arrow":22,"minecraft:rotten_flesh":7,"minecraft:shears":2,"farmersdelight:onion":5,"minecraft:hay_block":43,"minecraft:oak_chest_boat":1,"minecraft:gold_ingot":6,"minecraft:glistering_melon_slice":10,"minecraft:cobblestone":7620,"minecraft:oxeye_daisy":9,"minecraft:stripped_oak_log":5,"minecraft:birch_log":22,"minecraft:cooked_beef":1,"minecraft:water_bucket":3,"minecraft:andesite":7,"minecraft:leather":30,"minecraft:smoker":1,"minecraft:flint":13,"minecraft:tuff":217,"minecraft:oak_log":104,"minecraft:yellow_bed":4,"minecraft:gunpowder":1,"minecraft:lapis_lazuli":10,"minecraft:dirt":152,"minecraft:paper":36,"minecraft:name_tag":1,"minecraft:cooked_mutton":26,"minecraft:apple":1,"farmersdelight:wheat_dough":6,"minecraft:bow":52,"minecraft:wheat_seeds":908,"minecraft:raw_gold":27,"minecraft:iron_ingot":99,"minecraft:stone_pickaxe":10,"minecraft:cooked_chicken":4,"minecraft:diamond_helmet":1,"minecraft:stripped_oak_wood":2,"minecraft:fletching_table":14,"minecraft:stone_hoe":1,"minecraft:oak_planks":792,"minecraft:oak_slab":205,"minecraft:cooked_porkchop":3,"minecraft:dandelion":44,"minecraft:gravel":59,"minecraft:barrel":44,"minecraft:white_bed":14,"minecraft:iron_hoe":3,"minecraft:lever":2,"minecraft:diamond":16,"minecraft:stone_axe":10,"minecraft:iron_helmet":11,"minecraft:granite":2,"minecraft:bone_meal":14,"minecraft:bread":27,"minecraft:oak_sapling":37,"minecraft:netherrack":25,"minecraft:coal":85,"minecraft:hopper":2,"minecraft:diamond_pickaxe":1,"minecraft:sunflower":91}},"DataVersion":3465}