{"stats":{"minecraft:dropped":{"minecraft:iron_ingot":35,"minecraft:bread":131,"minecraft:wheat_seeds":2,"minecraft:crafting_table":5,"minecraft:iron_helmet":5,"minecraft:cobblestone":4067,"minecraft:leather":6,"minecraft:coal":36,"minecraft:stick":35,"minecraft:oxeye_daisy":1,"minecraft:diorite":255,"minecraft:wooden_axe":1,"minecraft:iron_pickaxe":4,"minecraft:paper":18,"minecraft:dandelion":4,"minecraft:furnace":5,"minecraft:stone_axe":5,"minecraft:oak_trapdoor":15,"minecraft:tuff":106,"minecraft:raw_iron":20,"minecraft:rotten_flesh":2,"minecraft:oak_planks":384,"minecraft:poppy":4,"minecraft:shield":2,"minecraft:gunpowder":1,"minecraft:andesite":2,"minecraft:oak_boat":5,"minecraft:arrow":10,"minecraft:stone_pickaxe":5,"minecraft:raw_gold":15},"minecraft:used":{"minecraft:oak_trapdoor":10,"minecraft:stone_sword":76,"minecraft:chest":2,"minecraft:shield":24,"minecraft:cooked_chicken":2,"minecraft:rotten_flesh":3,"minecraft:iron_chestplate":1,"minecraft:torch":49,"minecraft:dirt":2,"minecraft:carrot":2,"minecraft:tuff":111,"minecraft:granite":2,"minecraft:iron_hoe":76,"minecraft:wooden_axe":58,"minecraft:iron_helmet":2,"minecraft:beef":9,"minecraft:oak_sapling":9,"minecraft:furnace":2,"minecraft:egg":1,"minecraft:iron_leggings":1,"minecraft:wheat_seeds":79,"minecraft:water_bucket":5,"minecraft:diorite":7,"minecraft:stone_pickaxe":1803,"minecraft:wooden_pickaxe":60,"minecraft:composter":2,"minecraft:oak_slab":6,"minecraft:crafting_table":12,"minecraft:blast_furnace":1,"minecraft:white_bed":7,"minecraft:apple":1,"minecraft:chicken":1,"minecraft:bread":13,"minecraft:iron_pickaxe":41,"minecraft:stone_axe":45,"minecraft:cobblestone":414,"minecraft:cooked_porkchop":3,"minecraft:porkchop":5,"minecraft:andesite":2,"minecraft:bucket":6,"minecraft:yellow_bed":4,"minecraft:oak_boat":2,"minecraft:dandelion":15},"minecraft:killed_by":{"minecraft:bee":1,"minecraft:skeleton":4},"minecraft:crafted":{"minecraft:smooth_stone":2,"minecraft:oak_planks":140,"minecraft:cooked_chicken":2,"minecraft:furnace":3,"minecraft:blast_furnace":1,"minecraft:stone":2,"minecraft:oak_trapdoor":8,"minecraft:iron_hoe":1,"minecraft:stone_pickaxe":14,"minecraft:chest":2,"minecraft:smoker":1,"minecraft:wheat":387,"minecraft:oak_slab":12,"minecraft:crafting_table":2,"minecraft:wooden_pickaxe":1,"minecraft:iron_helmet":1,"minecraft:bucket":1,"minecraft:stone_axe":1,"minecraft:bread":129,"minecraft:air":0,"minecraft:oak_boat":2,"minecraft:paper":3,"minecraft:stick":48,"minecraft:iron_ingot":19,"minecraft:iron_pickaxe":1,"minecraft:wooden_axe":1,"minecraft:stone_sword":2,"minecraft:gold_ingot":3,"minecraft:iron_leggings":1,"minecraft:composter":1,"minecraft:torch":36},"minecraft:broken":{"minecraft:wooden_pickaxe":1,"minecraft:stone_pickaxe":12,"minecraft:wooden_axe":1},"minecraft:custom":{"minecraft:mob_kills":20,"minecraft:interact_with_crafting_table":49,"minecraft:leave_game":1,"minecraft:time_since_death":20415,"minecraft:sprint_one_cm":216268,"minecraft:walk_one_cm":193204,"minecraft:damage_blocked_by_shield":1335,"minecraft:drop":195,"minecraft:talked_to_villager":15,"minecraft:play_time":91450,"minecraft:deaths":6,"minecraft:sneak_time":3675,"minecraft:walk_under_water_one_cm":454,"minecraft:boat_one_cm":14679,"minecraft:jump":2149,"minecraft:interact_with_blast_furnace":3,"minecraft:walk_on_water_one_cm":5469,"minecraft:total_world_time":91450,"minecraft:interact_with_furnace":21,"minecraft:sleep_in_bed":1,"minecraft:time_since_rest":20443,"minecraft:damage_taken":2359,"minecraft:damage_dealt":5509,"minecraft:swim_one_cm":287,"minecraft:fly_one_cm":463112,"minecraft:open_chest":18,"minecraft:crouch_one_cm":9836,"minecraft:fall_one_cm":78212},"minecraft:killed":{"minecraft:skeleton":1,"minecraft:chicken":1,"minecraft:pig":4,"minecraft:iron_golem":2,"minecraft:creeper":2,"minecraft:pillager":2,"minecraft:zombie":1,"minecraft:villager":1,"minecraft:cow":6},"minecraft:mined":{"minecraft:tuff":111,"minecraft:white_bed":8,"minecraft:farmland":1,"minecraft:deepslate_diamond_ore":2,"minecraft:glow_lichen":2,"minecraft:granite":2,"minecraft:composter":1,"minecraft:oxeye_daisy":4,"minecraft:hay_block":43,"minecraft:oak_trapdoor":1,"minecraft:furnace":2,"minecraft:iron_ore":19,"minecraft:andesite":7,"minecraft:azure_bluet":5,"minecraft:dirt_path":1,"minecraft:stripped_oak_log":5,"minecraft:stone":1392,"minecraft:oak_slab":1,"minecraft:dandelion":35,"minecraft:cornflower":2,"minecraft:crafting_table":10,"minecraft:torch":2,"minecraft:poppy":4,"minecraft:tall_grass":38,"minecraft:cobblestone":46,"minecraft:deepslate_gold_ore":3,"minecraft:oak_planks":22,"minecraft:sugar_cane":1,"minecraft:diorite":308,"minecraft:wall_torch":2,"minecraft:stripped_oak_wood":2,"minecraft:bee_nest":1,"minecraft:yellow_bed":4,"minecraft:grass":557,"minecraft:oak_log":32,"minecraft:coal_ore":10,"minecraft:oak_leaves":3},"minecraft:picked_up":{"minecraft:wooden_axe":1,"minecraft:crafting_table":18,"minecraft:iron_chestplate":2,"minecraft:azure_bluet":4,"minecraft:chicken":1,"minecraft:shield":6,"minecraft:oak_trapdoor":26,"minecraft:iron_leggings":1,"minecraft:smooth_stone":1,"minecraft:beef":10,"minecraft:oak_boat":9,"minecraft:poppy":5,"minecraft:iron_pickaxe":7,"minecraft:sugar_cane":3,"minecraft:egg":1,"minecraft:iron_boots":2,"minecraft:furnace":10,"minecraft:raw_iron":47,"minecraft:stick":60,"minecraft:composter":1,"minecraft:torch":13,"minecraft:porkchop":5,"minecraft:diorite":262,"minecraft:carrot":2,"minecraft:stone_sword":4,"minecraft:arrow":16,"minecraft:rotten_flesh":5,"minecraft:hay_block":43,"minecraft:cobblestone":7568,"minecraft:oxeye_daisy":2,"minecraft:stripped_oak_log":5,"minecraft:water_bucket":1,"minecraft:andesite":4,"minecraft:leather":26,"minecraft:tuff":217,"minecraft:oak_log":32,"minecraft:yellow_bed":4,"minecraft:gunpowder":1,"minecraft:dirt":2,"minecraft:paper":27,"minecraft:apple":1,"minecraft:wheat_seeds":123,"minecraft:raw_gold":27,"minecraft:iron_ingot":76,"minecraft:stone_pickaxe":10,"minecraft:stripped_oak_wood":2,"minecraft:oak_planks":592,"minecraft:oak_slab":6,"minecraft:cooked_porkchop":3,"minecraft:dandelion":19,"minecraft:white_bed":10,"minecraft:diamond":10,"minecraft:stone_axe":8,"minecraft:iron_helmet":8,"minecraft:granite":2,"minecraft:bread":15,"minecraft:oak_sapling":9,"minecraft:coal":82}},"DataVersion":3465}