{"stats":{"minecraft:dropped":{"minecraft:iron_ingot":35,"minecraft:bread":131,"minecraft:wheat_seeds":3,"minecraft:lapis_lazuli":5,"minecraft:crafting_table":5,"minecraft:iron_helmet":5,"minecraft:cobblestone":4068,"minecraft:leather":6,"minecraft:coal":36,"minecraft:stick":139,"minecraft:dirt":8,"minecraft:oxeye_daisy":2,"minecraft:diorite":259,"minecraft:wooden_axe":1,"farmersdelight:onion":1,"minecraft:iron_axe":1,"minecraft:glistering_melon_slice":20,"minecraft:iron_pickaxe":5,"minecraft:paper":21,"minecraft:string":2466,"minecraft:dandelion":4,"minecraft:furnace":5,"minecraft:stone_axe":5,"minecraft:oak_trapdoor":16,"minecraft:tuff":106,"minecraft:stone_shovel":1,"minecraft:raw_iron":20,"minecraft:rotten_flesh":4,"minecraft:oak_planks":385,"minecraft:azure_bluet":4,"minecraft:poppy":5,"minecraft:shield":2,"minecraft:gunpowder":1,"minecraft:diamond_pickaxe":1,"minecraft:andesite":5,"minecraft:oak_sapling":24,"minecraft:oak_boat":6,"minecraft:bow":33,"minecraft:arrow":12,"minecraft:stone_pickaxe":5,"minecraft:raw_gold":15,"minecraft:netherrack":21},"minecraft:used":{"minecraft:oak_trapdoor":14,"minecraft:stone_sword":76,"minecraft:poppy":5,"minecraft:chest":20,"minecraft:shield":26,"minecraft:cooked_chicken":5,"minecraft:rotten_flesh":3,"minecraft:netherrack":4,"minecraft:iron_chestplate":1,"minecraft:torch":49,"minecraft:dirt":10,"minecraft:hopper":3,"minecraft:carrot":3,"minecraft:allium":7,"minecraft:tuff":111,"minecraft:granite":2,"minecraft:azure_bluet":6,"minecraft:iron_hoe":76,"minecraft:wooden_axe":58,"minecraft:iron_axe":19,"minecraft:iron_helmet":3,"minecraft:iron_boots":1,"minecraft:barrel":3,"minecraft:golden_sword":4,"minecraft:beef":9,"minecraft:oak_sapling":9,"minecraft:furnace":2,"minecraft:egg":2,"minecraft:cooked_beef":1,"minecraft:iron_leggings":2,"minecraft:wheat_seeds":200,"minecraft:cooked_mutton":2,"minecraft:water_bucket":13,"minecraft:diorite":7,"minecraft:stone_pickaxe":1828,"minecraft:oak_planks":9,"minecraft:fletching_table":3,"minecraft:wooden_pickaxe":60,"minecraft:composter":2,"minecraft:white_wool":1,"farmersdelight:onion":3,"minecraft:oak_slab":16,"minecraft:crafting_table":13,"minecraft:blast_furnace":1,"minecraft:white_bed":8,"minecraft:smoker":1,"minecraft:lever":2,"minecraft:cornflower":2,"minecraft:apple":1,"minecraft:oxeye_daisy":7,"minecraft:sunflower":91,"minecraft:chicken":1,"minecraft:bread":13,"minecraft:string":4,"minecraft:iron_pickaxe":52,"minecraft:gravel":59,"minecraft:stone_axe":49,"minecraft:cobblestone":432,"minecraft:cooked_porkchop":3,"minecraft:porkchop":5,"minecraft:andesite":2,"minecraft:bucket":14,"minecraft:yellow_bed":4,"minecraft:oak_boat":2,"minecraft:dandelion":40,"minecraft:bone_meal":14},"minecraft:killed_by":{"minecraft:iron_golem":2,"minecraft:bee":1,"minecraft:skeleton":4},"minecraft:crafted":{"minecraft:smooth_stone":2,"minecraft:oak_planks":396,"minecraft:cooked_chicken":7,"minecraft:furnace":3,"minecraft:blast_furnace":1,"minecraft:stone":2,"minecraft:cooked_mutton":13,"minecraft:flint_and_steel":1,"minecraft:oak_trapdoor":8,"minecraft:hopper":1,"minecraft:bow":15,"minecraft:iron_axe":1,"minecraft:iron_hoe":1,"minecraft:stone_pickaxe":14,"minecraft:chest":4,"minecraft:smoker":1,"minecraft:wheat":387,"minecraft:oak_slab":12,"minecraft:arrow":128,"minecraft:emerald":50,"minecraft:crafting_table":3,"minecraft:wooden_pickaxe":1,"minecraft:iron_helmet":1,"minecraft:fletching_table":3,"minecraft:bucket":1,"minecraft:stone_axe":1,"minecraft:bread":135,"minecraft:air":0,"minecraft:oak_boat":2,"minecraft:white_wool":1,"minecraft:paper":3,"minecraft:stick":498,"minecraft:iron_ingot":19,"minecraft:iron_pickaxe":1,"minecraft:wooden_axe":1,"minecraft:stone_sword":2,"minecraft:gold_ingot":3,"minecraft:iron_leggings":1,"minecraft:composter":1,"minecraft:torch":36},"minecraft:broken":{"minecraft:wooden_pickaxe":1,"minecraft:stone_pickaxe":13,"minecraft:wooden_axe":1},"minecraft:custom":{"minecraft:mob_kills":21,"minecraft:inspect_hopper":2,"minecraft:open_barrel":6,"minecraft:interact_with_crafting_table":60,"minecraft:leave_game":1,"minecraft:time_since_death":23255,"minecraft:sprint_one_cm":335781,"minecraft:walk_one_cm":295500,"minecraft:damage_blocked_by_shield":1455,"minecraft:drop":306,"minecraft:talked_to_villager":59,"minecraft:play_time":145450,"minecraft:deaths":9,"minecraft:sneak_time":4801,"minecraft:walk_under_water_one_cm":4097,"minecraft:boat_one_cm":14679,"minecraft:jump":3312,"minecraft:interact_with_blast_furnace":3,"minecraft:walk_on_water_one_cm":49973,"minecraft:total_world_time":145450,"minecraft:interact_with_furnace":21,"minecraft:traded_with_villager":74,"minecraft:sleep_in_bed":3,"minecraft:time_since_rest":23282,"minecraft:damage_taken":3637,"minecraft:damage_dealt":6111,"minecraft:player_kills":1,"minecraft:swim_one_cm":10510,"minecraft:fly_one_cm":671334,"minecraft:open_chest":51,"minecraft:crouch_one_cm":11744,"minecraft:interact_with_smoker":3,"minecraft:fall_one_cm":113588},"minecraft:killed":{"minecraft:skeleton":1,"minecraft:chicken":1,"minecraft:pig":4,"minecraft:iron_golem":2,"minecraft:creeper":2,"minecraft:pillager":3,"minecraft:zombie":1,"minecraft:villager":1,"minecraft:cow":6},"minecraft:mined":{"minecraft:tuff":111,"minecraft:white_bed":9,"minecraft:farmland":1,"minecraft:deepslate_diamond_ore":2,"farmersdelight:wild_carrots":1,"minecraft:lever":2,"minecraft:glow_lichen":2,"minecraft:granite":2,"minecraft:grass_block":5,"minecraft:hopper":2,"minecraft:composter":1,"minecraft:oxeye_daisy":11,"farmersdelight:wild_onions":3,"minecraft:hay_block":43,"minecraft:oak_trapdoor":2,"minecraft:furnace":2,"minecraft:iron_ore":19,"minecraft:barrel":2,"minecraft:andesite":7,"minecraft:azure_bluet":11,"minecraft:dirt_path":1,"minecraft:stripped_oak_log":5,"minecraft:stone":1392,"minecraft:tripwire":4,"minecraft:oak_slab":8,"minecraft:dandelion":60,"minecraft:cornflower":4,"minecraft:crafting_table":10,"minecraft:torch":2,"minecraft:poppy":8,"minecraft:chest":17,"minecraft:tall_grass":57,"minecraft:cobblestone":55,"minecraft:deepslate_gold_ore":3,"minecraft:oak_planks":25,"minecraft:sugar_cane":1,"minecraft:diorite":308,"minecraft:wall_torch":2,"minecraft:wheat":28,"minecraft:ice":1,"minecraft:stripped_oak_wood":2,"minecraft:bee_nest":1,"minecraft:yellow_bed":4,"minecraft:grass":939,"minecraft:oak_log":32,"minecraft:coal_ore":10,"minecraft:sunflower":97,"minecraft:gravel":64,"minecraft:dirt":3,"minecraft:netherrack":25,"minecraft:oak_leaves":3},"minecraft:picked_up":{"minecraft:wooden_axe":1,"minecraft:crafting_table":18,"minecraft:iron_chestplate":5,"minecraft:wheat":32,"minecraft:allium":7,"minecraft:azure_bluet":10,"minecraft:chicken":1,"minecraft:golden_sword":6,"minecraft:shield":9,"minecraft:iron_axe":2,"minecraft:cornflower":2,"minecraft:string":3508,"minecraft:oak_trapdoor":32,"minecraft:flint_and_steel":3,"minecraft:iron_leggings":4,"minecraft:smooth_stone":1,"minecraft:beef":10,"minecraft:oak_boat":12,"minecraft:chest":37,"minecraft:poppy":10,"minecraft:iron_pickaxe":11,"minecraft:sugar_cane":3,"minecraft:egg":2,"minecraft:iron_boots":5,"minecraft:furnace":13,"minecraft:raw_iron":47,"minecraft:stick":444,"minecraft:composter":1,"minecraft:torch":13,"minecraft:porkchop":5,"minecraft:diorite":266,"minecraft:carrot":3,"minecraft:stone_shovel":1,"minecraft:stone_sword":7,"minecraft:arrow":22,"minecraft:rotten_flesh":7,"minecraft:shears":2,"farmersdelight:onion":5,"minecraft:hay_block":43,"minecraft:gold_ingot":6,"minecraft:glistering_melon_slice":10,"minecraft:cobblestone":7587,"minecraft:oxeye_daisy":9,"minecraft:stripped_oak_log":5,"minecraft:cooked_beef":1,"minecraft:water_bucket":3,"minecraft:andesite":7,"minecraft:leather":29,"minecraft:smoker":1,"minecraft:flint":13,"minecraft:tuff":217,"minecraft:oak_log":96,"minecraft:yellow_bed":4,"minecraft:gunpowder":1,"minecraft:lapis_lazuli":10,"minecraft:dirt":19,"minecraft:paper":36,"minecraft:name_tag":1,"minecraft:cooked_mutton":26,"minecraft:apple":1,"minecraft:bow":48,"minecraft:wheat_seeds":245,"minecraft:raw_gold":27,"minecraft:iron_ingot":95,"minecraft:stone_pickaxe":10,"minecraft:cooked_chicken":4,"minecraft:stripped_oak_wood":2,"minecraft:fletching_table":11,"minecraft:stone_hoe":1,"minecraft:oak_planks":735,"minecraft:oak_slab":204,"minecraft:cooked_porkchop":3,"minecraft:dandelion":44,"minecraft:gravel":59,"minecraft:barrel":44,"minecraft:white_bed":14,"minecraft:iron_hoe":3,"minecraft:lever":2,"minecraft:diamond":16,"minecraft:stone_axe":10,"minecraft:iron_helmet":11,"minecraft:granite":2,"minecraft:bone_meal":14,"minecraft:bread":27,"minecraft:oak_sapling":36,"minecraft:netherrack":25,"minecraft:coal":85,"minecraft:hopper":2,"minecraft:diamond_pickaxe":1,"minecraft:sunflower":91}},"DataVersion":3465}