{"stats":{"minecraft:crafted":{"minecraft:acacia_planks":8},"minecraft:picked_up":{"minecraft:acacia_log":2,"minecraft:egg":1},"minecraft:used":{"minecraft:egg":1},"minecraft:custom":{"minecraft:jump":120,"minecraft:open_chest":2,"minecraft:time_since_rest":5746,"minecraft:leave_game":1,"minecraft:crouch_one_cm":32,"minecraft:damage_taken":120,"minecraft:sprint_one_cm":18367,"minecraft:play_time":5746,"minecraft:walk_on_water_one_cm":4577,"minecraft:time_since_death":5746,"minecraft:walk_one_cm":4415,"minecraft:sneak_time":53,"minecraft:total_world_time":5746,"minecraft:walk_under_water_one_cm":3627,"minecraft:swim_one_cm":10198,"minecraft:fall_one_cm":4326,"minecraft:fly_one_cm":34244},"minecraft:mined":{"minecraft:acacia_log":2}},"DataVersion":3465}