{"stats":{"minecraft:dropped":{"minecraft:iron_sword":2,"minecraft:lapis_lazuli":5,"minecraft:glow_ink_sac":3,"minecraft:diamond":6,"minecraft:crafting_table":3,"minecraft:cooked_porkchop":9,"minecraft:crossbow":1,"minecraft:weeping_vines":6,"minecraft:cookie":144,"minecraft:warped_roots":1,"minecraft:fletching_table":11,"minecraft:rail":1,"minecraft:dirt":571,"minecraft:gold_nugget":16,"minecraft:sunflower":2,"minecraft:sand":1640,"minecraft:iron_pickaxe":6,"minecraft:white_wool":66,"minecraft:bone":42,"minecraft:oak_door":1,"minecraft:sugar_cane":12,"minecraft:cooked_chicken":6,"minecraft:golden_chestplate":2,"minecraft:cobbled_deepslate":73,"minecraft:wheat":140,"minecraft:obsidian":6,"minecraft:rotten_flesh":57,"minecraft:oak_planks":614,"minecraft:end_stone":10,"minecraft:nether_brick_fence":4,"minecraft:azure_bluet":4,"minecraft:white_bed":14,"minecraft:deepslate_tiles":437,"minecraft:acacia_sapling":1,"farmersdelight:rope":1,"minecraft:beef":15,"minecraft:campfire":1,"minecraft:iron_ingot":3,"minecraft:enchanted_book":3,"minecraft:golden_boots":1,"minecraft:wheat_seeds":1127,"minecraft:tnt":2,"minecraft:iron_helmet":2,"minecraft:cobblestone":330,"minecraft:book":27,"minecraft:apple":60,"minecraft:granite":19,"minecraft:chainmail_helmet":7,"minecraft:coal":123,"minecraft:golden_apple":1,"minecraft:oxeye_daisy":9,"minecraft:golden_carrot":93,"minecraft:ink_sac":2,"minecraft:diamond_helmet":4,"minecraft:potion":1,"minecraft:oak_stairs":2,"minecraft:heart_of_the_sea":2,"minecraft:iron_shovel":8,"minecraft:paper":44,"minecraft:string":582,"minecraft:furnace":7,"minecraft:stone_sword":4,"minecraft:cobblestone_wall":1400,"minecraft:smooth_stone_slab":2,"minecraft:deepslate":11,"minecraft:stone_shovel":17,"minecraft:chicken":4,"minecraft:iron_boots":14,"minecraft:stone_slab":5,"farmersdelight:straw":1,"minecraft:nether_bricks":8,"minecraft:oak_sign":2,"minecraft:suspicious_stew":7,"minecraft:blast_furnace":1,"minecraft:diamond_sword":3,"minecraft:stone":593,"minecraft:allium":69,"minecraft:piglin_banner_pattern":1,"minecraft:diamond_pickaxe":1,"minecraft:spider_eye":4,"minecraft:barrel":42,"minecraft:stone_bricks":9,"minecraft:bow":5,"farmersdelight:diamond_knife":1,"minecraft:birch_planks":2,"minecraft:warped_fungus":2,"minecraft:oak_log":58,"minecraft:ender_pearl":2,"minecraft:lantern":52,"minecraft:leather":6,"minecraft:birch_slab":10,"farmersdelight:rice":8,"minecraft:flint":395,"minecraft:polished_blackstone_brick_stairs":1,"minecraft:cornflower":5,"minecraft:crimson_roots":1,"minecraft:snowball":474,"farmersdelight:onion":22,"minecraft:glistering_melon_slice":10,"minecraft:cauldron":3,"minecraft:gravel":100,"minecraft:purpur_block":1,"minecraft:cooked_mutton":4,"minecraft:carrot":3,"minecraft:chainmail_chestplate":8,"minecraft:poppy":6,"minecraft:gunpowder":31,"minecraft:chainmail_boots":10,"minecraft:arrow":116,"minecraft:netherrack":69,"minecraft:firework_rocket":2176,"minecraft:water_bucket":4,"minecraft:stone_hoe":1,"minecraft:bread":1224,"minecraft:oak_slab":610,"minecraft:golden_helmet":1,"minecraft:diamond_leggings":7,"minecraft:grass_block":1,"minecraft:stick":105,"farmersdelight:golden_knife":1,"minecraft:diorite":16,"minecraft:torch":36,"minecraft:nether_wart_block":371,"minecraft:iron_door":5,"minecraft:iron_leggings":4,"minecraft:iron_axe":10,"minecraft:pink_petals":9,"minecraft:bucket":1,"minecraft:dandelion":24,"minecraft:polished_deepslate":290,"farmersdelight:wheat_dough":6,"minecraft:warped_nylium":1,"minecraft:oak_trapdoor":256,"minecraft:raw_copper":8,"minecraft:tuff":131,"minecraft:raw_iron":1,"minecraft:flint_and_steel":1,"minecraft:filled_map":2,"minecraft:shield":5,"farmersdelight:flint_knife":1,"minecraft:oak_button":1,"minecraft:diamond_chestplate":5,"minecraft:iron_chestplate":3,"minecraft:andesite":105,"minecraft:oak_boat":10,"minecraft:oak_sapling":103,"minecraft:golden_sword":3,"minecraft:birch_sign":4,"minecraft:diamond_boots":4,"minecraft:wooden_pickaxe":1},"minecraft:broken":{"minecraft:diamond_pickaxe":1,"minecraft:iron_hoe":2,"minecraft:stone_hoe":7,"minecraft:shield":1,"minecraft:iron_axe":2,"minecraft:iron_pickaxe":20,"minecraft:stone_pickaxe":2,"minecraft:stone_axe":1,"minecraft:stone_shovel":1},"minecraft:used":{"minecraft:elytra":58,"minecraft:chest":79,"minecraft:stone":123,"minecraft:soul_sand":20,"minecraft:snowball":27,"minecraft:packed_ice":212,"minecraft:lava_bucket":16,"minecraft:furnace":17,"minecraft:egg":18,"minecraft:diorite":8,"minecraft:acacia_trapdoor":1,"minecraft:wooden_pickaxe":15,"minecraft:composter":1,"minecraft:golden_apple":3,"minecraft:sand":7,"minecraft:crimson_fence_gate":14,"minecraft:deepslate_tiles":387,"minecraft:birch_slab":5,"minecraft:deepslate_iron_ore":52,"minecraft:lectern":7,"minecraft:nether_wart_block":323,"minecraft:diamond_sword":557,"minecraft:smithing_table":2,"minecraft:oak_boat":3,"minecraft:oak_trapdoor":189,"minecraft:stone_sword":23,"minecraft:netherrack":62,"minecraft:torch":67,"minecraft:anvil":3,"minecraft:oak_fence_gate":9,"minecraft:iron_axe":715,"minecraft:barrel":102,"minecraft:diamond_chestplate":58,"minecraft:tripwire_hook":2,"minecraft:acacia_planks":40,"minecraft:cobbled_deepslate":258,"minecraft:wheat_seeds":1383,"minecraft:water_bucket":922,"minecraft:birch_planks":54,"farmersdelight:golden_knife":8,"minecraft:fletching_table":14,"minecraft:deepslate_bricks":3227,"minecraft:rail":16,"minecraft:oak_slab":31,"minecraft:crafting_table":14,"minecraft:crimson_trapdoor":18,"minecraft:birch_sign":4,"minecraft:white_bed":116,"minecraft:oak_log":124,"minecraft:ender_eye":12,"minecraft:diamond_pickaxe":13948,"minecraft:iron_pickaxe":5338,"minecraft:cobblestone":1226,"minecraft:cooked_porkchop":9,"minecraft:porkchop":3,"minecraft:glass_pane":17,"minecraft:diamond_leggings":1,"minecraft:iron_shovel":55,"minecraft:oak_sign":1,"minecraft:shield":57,"minecraft:iron_sword":182,"minecraft:nether_wart":20,"minecraft:iron_chestplate":1,"minecraft:tuff":5,"minecraft:milk_bucket":1,"minecraft:obsidian":33,"minecraft:glass":2248,"minecraft:lantern":9,"minecraft:iron_helmet":1,"minecraft:deepslate_diamond_ore":17,"minecraft:birch_trapdoor":12,"minecraft:gold_block":36,"minecraft:diamond_boots":1,"minecraft:stone_pickaxe":261,"minecraft:oak_planks":412,"minecraft:ender_pearl":7,"minecraft:diamond_axe":916,"minecraft:sugar_cane":114,"minecraft:white_wool":277,"minecraft:deepslate_redstone_ore":32,"minecraft:crossbow":10,"minecraft:shears":1,"minecraft:deepslate_lapis_ore":4,"minecraft:end_stone":445,"minecraft:lever":1,"minecraft:firework_rocket":143,"minecraft:bread":55,"minecraft:string":14,"minecraft:deepslate":809,"minecraft:gravel":426,"minecraft:grindstone":1,"minecraft:andesite":12,"minecraft:experience_bottle":81,"minecraft:oak_fence":16,"minecraft:flint_and_steel":15,"minecraft:stone_shovel":203,"minecraft:deepslate_gold_ore":10,"minecraft:stone_hoe":2314,"minecraft:dirt":4459,"minecraft:cobblestone_wall":791,"minecraft:diamond_helmet":2,"minecraft:shulker_box":11,"minecraft:raw_iron_block":1,"minecraft:golden_chestplate":1,"minecraft:granite":3,"minecraft:iron_hoe":500,"minecraft:bookshelf":41,"minecraft:oak_stairs":68,"minecraft:iron_boots":1,"minecraft:crimson_planks":110,"minecraft:golden_carrot":247,"minecraft:deepslate_tile_stairs":48,"minecraft:minecart":7,"minecraft:cooked_beef":23,"minecraft:iron_leggings":1,"minecraft:cooked_mutton":4,"minecraft:iron_ore":3,"minecraft:cobblestone_slab":339,"minecraft:smoker":1,"minecraft:apple":1,"minecraft:stone_axe":141,"minecraft:white_banner":3,"minecraft:bucket":936,"minecraft:yellow_bed":1},"minecraft:mined":{"minecraft:white_bed":57,"minecraft:cherry_log":8,"minecraft:obsidian":34,"minecraft:granite":38,"minecraft:acacia_log":10,"minecraft:crimson_trapdoor":4,"minecraft:deepslate_bricks":119,"minecraft:purpur_slab":1,"minecraft:nether_wart":20,"minecraft:oak_wall_sign":1,"minecraft:oxeye_daisy":10,"minecraft:spawner":3,"minecraft:polished_blackstone_bricks":3,"minecraft:cobbled_deepslate":15,"minecraft:fire":2,"minecraft:barrel":77,"minecraft:fletching_table":5,"minecraft:deepslate_lapis_ore":9,"minecraft:water_cauldron":5,"minecraft:dirt_path":14,"minecraft:oak_stairs":72,"minecraft:tripwire":5,"minecraft:smoker":1,"minecraft:torch":27,"minecraft:blast_furnace":1,"minecraft:glass":1,"minecraft:sugar_cane":302,"minecraft:wheat":2272,"minecraft:grass":1716,"minecraft:oak_fence_gate":5,"minecraft:deepslate":7154,"minecraft:deepslate_tiles":124,"minecraft:mossy_cobblestone":2,"farmersdelight:wild_carrots":2,"minecraft:crimson_fence_gate":1,"minecraft:shulker_box":11,"minecraft:end_stone":519,"minecraft:nether_bricks":8,"minecraft:allium":18,"minecraft:crimson_roots":1,"minecraft:kelp":1,"farmersdelight:wild_onions":21,"minecraft:redstone_ore":4,"minecraft:snow":1,"minecraft:andesite":116,"minecraft:diamond_block":5,"minecraft:cobblestone_slab":40,"minecraft:rail":17,"minecraft:white_wool":131,"minecraft:smithing_table":2,"minecraft:oak_slab":14,"minecraft:glass_pane":4,"minecraft:soul_sand":20,"minecraft:dandelion":28,"minecraft:cornflower":5,"minecraft:tall_grass":152,"minecraft:copper_ore":17,"minecraft:deepslate_gold_ore":71,"minecraft:diorite":53,"minecraft:cobblestone_wall":7,"minecraft:sunflower":5,"minecraft:gravel":1111,"minecraft:cobweb":1,"minecraft:stone_bricks":2,"minecraft:gold_ore":8,"minecraft:oak_sapling":31,"minecraft:farmland":3,"minecraft:grass_block":5028,"minecraft:composter":1,"minecraft:raw_iron_block":2,"minecraft:iron_ore":148,"minecraft:azure_bluet":4,"minecraft:birch_wall_sign":3,"minecraft:deepslate_redstone_ore":75,"minecraft:poppy":3,"minecraft:chest":28,"minecraft:nether_quartz_ore":118,"minecraft:cobblestone":383,"minecraft:oak_planks":185,"minecraft:iron_door":3,"minecraft:wall_torch":1,"minecraft:cauldron":1,"minecraft:nether_wart_block":470,"minecraft:stripped_oak_wood":1,"minecraft:purpur_block":1,"minecraft:smooth_stone_slab":2,"minecraft:oak_log":169,"minecraft:sand":1911,"minecraft:dirt":4226,"minecraft:netherrack":151,"minecraft:oak_leaves":5,"minecraft:diamond_ore":1,"minecraft:tuff":149,"minecraft:deepslate_diamond_ore":58,"minecraft:birch_slab":5,"minecraft:crimson_stem":149,"minecraft:hay_block":4,"minecraft:oak_trapdoor":87,"minecraft:furnace":13,"minecraft:gold_block":73,"minecraft:nether_brick_fence":4,"minecraft:bookshelf":154,"minecraft:deepslate_iron_ore":346,"minecraft:shroomlight":13,"minecraft:lantern":1,"minecraft:packed_ice":466,"minecraft:stone":6216,"minecraft:snow_block":49,"minecraft:oak_fence":7,"minecraft:crafting_table":12,"minecraft:lectern":1,"minecraft:lapis_ore":1,"minecraft:polished_blackstone_brick_stairs":1,"minecraft:birch_planks":30,"minecraft:yellow_bed":1,"minecraft:coal_ore":320,"minecraft:cracked_stone_bricks":1},"minecraft:killed_by":{"minecraft:creeper":2,"minecraft:player":1},"minecraft:picked_up":{"minecraft:iron_chestplate":3,"minecraft:smithing_table":3,"minecraft:lead":2,"minecraft:diamond_sword":4,"minecraft:oak_stairs":8,"minecraft:enchanted_book":3,"minecraft:golden_sword":3,"minecraft:polished_deepslate":154,"minecraft:polished_blackstone_brick_stairs":1,"minecraft:string":36888,"minecraft:shroomlight":13,"minecraft:diamond_leggings":7,"minecraft:gold_nugget":16,"minecraft:cobbled_deepslate":6040,"minecraft:golden_helmet":1,"minecraft:composter":1,"minecraft:acacia_log":10,"minecraft:cherry_log":8,"minecraft:deepslate_tile_stairs":28,"minecraft:golden_chestplate":1,"minecraft:cauldron":3,"minecraft:stone_sword":3,"farmersdelight:onion":22,"minecraft:bookshelf":125,"minecraft:blaze_rod":26,"minecraft:snowball":678,"minecraft:feather":12,"minecraft:cooked_beef":5,"farmersdelight:rice":4,"minecraft:iron_door":5,"minecraft:birch_slab":15,"minecraft:water_bucket":11,"minecraft:smoker":1,"minecraft:flint":454,"minecraft:lantern":26,"minecraft:diamond_helmet":6,"minecraft:ink_sac":2,"minecraft:barrel":110,"minecraft:deepslate":820,"minecraft:deepslate_gold_ore":16,"minecraft:granite":22,"minecraft:bread":230,"minecraft:crimson_roots":1,"minecraft:diamond_pickaxe":10,"minecraft:crafting_table":13,"minecraft:nether_wart":20,"minecraft:crimson_trapdoor":39,"minecraft:purpur_block":1,"minecraft:cornflower":5,"minecraft:elytra":2,"minecraft:iron_shovel":8,"minecraft:glass_pane":149,"minecraft:cracked_stone_bricks":2,"minecraft:deepslate_diamond_ore":17,"minecraft:beef":24,"minecraft:poppy":7,"minecraft:minecart":8,"minecraft:chest":40,"minecraft:egg":19,"minecraft:stone":716,"minecraft:oak_door":2,"minecraft:carrot":3,"minecraft:redstone":288,"minecraft:stone_shovel":7,"minecraft:diamond_chestplate":8,"minecraft:deepslate_bricks":312,"minecraft:diamond_boots":9,"minecraft:hay_block":4,"minecraft:gold_ingot":7,"minecraft:mutton":6,"minecraft:white_wool":133,"minecraft:rail":18,"minecraft:oxeye_daisy":10,"minecraft:filled_map":1,"minecraft:oak_log":176,"minecraft:golden_boots":2,"farmersdelight:flint_knife":1,"minecraft:paper":6,"minecraft:white_banner":3,"minecraft:stone_bricks":15,"minecraft:apple":70,"minecraft:oak_fence_gate":5,"minecraft:iron_ore":3,"minecraft:iron_sword":4,"minecraft:gravel":685,"minecraft:dragon_egg":2,"minecraft:firework_rocket":2295,"minecraft:deepslate_redstone_ore":32,"minecraft:diamond_axe":4,"minecraft:birch_sign":8,"minecraft:warped_roots":1,"minecraft:warped_nylium":1,"minecraft:ender_pearl":25,"minecraft:shulker_shell":1,"minecraft:wheat":1888,"minecraft:nether_brick_fence":4,"minecraft:crimson_planks":84,"minecraft:raw_copper":65,"minecraft:deepslate_lapis_ore":4,"minecraft:smooth_stone_slab":2,"minecraft:iron_leggings":4,"minecraft:oak_sign":3,"minecraft:deepslate_tiles":124,"minecraft:bucket":5,"minecraft:cobblestone_slab":213,"minecraft:iron_pickaxe":9,"minecraft:furnace":13,"minecraft:deepslate_iron_ore":52,"minecraft:iron_boots":4,"minecraft:stick":131,"minecraft:oak_fence":7,"minecraft:torch":266,"minecraft:porkchop":3,"minecraft:diorite":190,"minecraft:rotten_flesh":79,"minecraft:obsidian":54,"minecraft:cod":2,"minecraft:cobblestone":6135,"minecraft:pink_petals":9,"minecraft:andesite":153,"minecraft:tuff":136,"minecraft:lapis_lazuli":110,"minecraft:dirt":9655,"minecraft:name_tag":1,"minecraft:glass":424,"minecraft:bone":62,"farmersdelight:iron_knife":1,"minecraft:bow":25,"minecraft:wheat_seeds":7113,"minecraft:crimson_fence_gate":116,"minecraft:raw_gold":104,"minecraft:fletching_table":5,"minecraft:stone_hoe":1,"minecraft:oak_planks":782,"minecraft:cooked_porkchop":7,"minecraft:sand":2019,"minecraft:grass_block":1,"minecraft:diamond_block":5,"minecraft:shulker_box":39,"minecraft:diamond":79,"minecraft:crossbow":3,"minecraft:golden_apple":59,"minecraft:oak_sapling":119,"minecraft:netherrack":193,"minecraft:allium":69,"minecraft:azure_bluet":4,"minecraft:chicken":1,"minecraft:packed_ice":590,"minecraft:gold_block":53,"minecraft:shield":7,"minecraft:oak_trapdoor":466,"minecraft:iron_axe":10,"farmersdelight:straw":1,"minecraft:oak_boat":10,"minecraft:lectern":1,"minecraft:sugar_cane":558,"minecraft:raw_iron":678,"minecraft:end_stone":524,"minecraft:weeping_vines":6,"minecraft:arrow":125,"minecraft:nether_bricks":8,"minecraft:glistering_melon_slice":10,"minecraft:golden_carrot":276,"minecraft:glow_ink_sac":5,"minecraft:crimson_stem":147,"minecraft:salmon":4,"minecraft:leather":57,"minecraft:birch_planks":30,"minecraft:gunpowder":47,"minecraft:nether_wart_block":650,"minecraft:yellow_bed":1,"minecraft:cobblestone_wall":314,"minecraft:heart_of_the_sea":1,"minecraft:iron_ingot":51,"minecraft:cooked_chicken":2,"minecraft:stripped_oak_wood":1,"minecraft:soul_sand":20,"minecraft:acacia_sapling":1,"minecraft:book":98,"minecraft:oak_slab":133,"minecraft:nether_quartz_ore":118,"minecraft:warped_fungus":2,"minecraft:dandelion":24,"minecraft:raw_iron_block":2,"minecraft:blast_furnace":2,"minecraft:white_bed":61,"minecraft:spider_eye":5,"minecraft:campfire":1,"minecraft:iron_helmet":3,"minecraft:cherry_sapling":2,"minecraft:coal":567,"minecraft:sunflower":18},"minecraft:custom":{"minecraft:interact_with_crafting_table":201,"minecraft:open_barrel":22,"minecraft:leave_game":33,"minecraft:time_since_death":8359,"minecraft:damage_blocked_by_shield":3495,"minecraft:play_time":1694663,"minecraft:deaths":8,"minecraft:jump":30859,"minecraft:interact_with_furnace":210,"minecraft:traded_with_villager":3435,"minecraft:sleep_in_bed":88,"minecraft:damage_dealt":70474,"minecraft:interact_with_smoker":6,"minecraft:interact_with_smithing_table":1,"minecraft:interact_with_anvil":21,"minecraft:inspect_hopper":17,"minecraft:sneak_time":116142,"minecraft:interact_with_blast_furnace":1,"minecraft:total_world_time":1694663,"minecraft:time_since_rest":8387,"minecraft:swim_one_cm":524103,"minecraft:fly_one_cm":8443473,"minecraft:open_chest":1042,"minecraft:fall_one_cm":720457,"minecraft:open_shulker_box":31,"minecraft:sprint_one_cm":4189959,"minecraft:drop":775,"minecraft:talked_to_villager":812,"minecraft:walk_on_water_one_cm":287488,"minecraft:player_kills":2,"minecraft:crouch_one_cm":473250,"minecraft:mob_kills":315,"minecraft:climb_one_cm":885,"minecraft:walk_one_cm":4578456,"minecraft:walk_under_water_one_cm":478795,"minecraft:boat_one_cm":302945,"minecraft:interact_with_grindstone":2,"minecraft:damage_taken":14567,"minecraft:minecart_one_cm":5325,"minecraft:aviate_one_cm":2648767},"minecraft:crafted":{"minecraft:chainmail_helmet":7,"minecraft:blaze_powder":52,"minecraft:birch_slab":24,"minecraft:lever":1,"minecraft:bookshelf":35,"minecraft:cooked_mutton":8,"minecraft:shulker_box":14,"minecraft:glass":2338,"minecraft:diamond_helmet":3,"minecraft:diamond_leggings":3,"minecraft:emerald":2592,"minecraft:cooked_porkchop":11,"minecraft:diamond_axe":1,"minecraft:fletching_table":20,"farmersdelight:wheat_dough":6,"minecraft:lectern":6,"minecraft:stone_slab":6,"minecraft:iron_pickaxe":25,"minecraft:iron_block":33,"minecraft:gold_ingot":87,"minecraft:golden_carrot":267,"minecraft:stone_shovel":19,"minecraft:crimson_trapdoor":20,"minecraft:crimson_fence_gate":271,"minecraft:lantern":36,"minecraft:stone_pickaxe":2,"minecraft:diamond_boots":1,"minecraft:redstone_block":32,"minecraft:wheat":288,"minecraft:coal_block":6,"minecraft:acacia_trapdoor":2,"minecraft:deepslate_tiles":816,"minecraft:enchanted_book":30,"minecraft:oak_fence_gate":4,"minecraft:chainmail_boots":10,"minecraft:birch_trapdoor":20,"minecraft:oak_stairs":68,"minecraft:iron_shovel":1,"minecraft:iron_leggings":1,"minecraft:deepslate_tile_stairs":76,"minecraft:white_bed":76,"minecraft:grindstone":1,"minecraft:oak_planks":2932,"minecraft:cobblestone_slab":384,"minecraft:barrel":47,"minecraft:cooked_chicken":4,"minecraft:stone":3,"minecraft:suspicious_stew":7,"minecraft:hopper":30,"minecraft:bow":1,"minecraft:iron_boots":12,"minecraft:chest":55,"minecraft:oak_button":1,"minecraft:stone_hoe":36,"minecraft:ender_eye":12,"minecraft:oak_fence":15,"minecraft:oak_slab":642,"minecraft:arrow":144,"minecraft:crafting_table":6,"minecraft:iron_helmet":1,"minecraft:wooden_pickaxe":1,"minecraft:chainmail_chestplate":8,"minecraft:gold_block":9,"minecraft:book":21,"minecraft:iron_chestplate":2,"minecraft:paper":633,"minecraft:diamond_pickaxe":4,"minecraft:emerald_block":14,"minecraft:shield":4,"minecraft:stick":2676,"minecraft:iron_ingot":820,"minecraft:stone_sword":1,"minecraft:deepslate_bricks":5568,"minecraft:shears":1,"minecraft:cherry_planks":4,"minecraft:cookie":144,"minecraft:raw_iron":9,"minecraft:coal":54,"minecraft:tripwire_hook":2,"minecraft:furnace":11,"minecraft:glass_pane":112,"minecraft:diamond_block":5,"minecraft:oak_trapdoor":56,"minecraft:flint_and_steel":2,"minecraft:polished_deepslate":5704,"minecraft:iron_axe":9,"minecraft:iron_hoe":2,"minecraft:cobblestone_wall":2424,"minecraft:birch_sign":6,"minecraft:cooked_beef":19,"minecraft:crimson_planks":904,"minecraft:diamond_sword":1,"minecraft:iron_sword":1,"minecraft:bucket":8,"minecraft:stone_axe":1,"minecraft:bread":997,"minecraft:air":0,"minecraft:oak_boat":9,"minecraft:white_wool":467,"minecraft:anvil":3,"minecraft:acacia_planks":52,"minecraft:torch":372,"minecraft:lapis_block":4,"minecraft:diamond_chestplate":3},"minecraft:killed":{"minecraft:cod":2,"minecraft:shulker":4,"minecraft:skeleton":39,"minecraft:chicken":1,"minecraft:cat":1,"minecraft:salmon":4,"minecraft:iron_golem":11,"minecraft:ender_dragon":1,"minecraft:pillager":9,"minecraft:donkey":4,"minecraft:zombie":56,"minecraft:cow":17,"minecraft:horse":9,"minecraft:wandering_trader":2,"minecraft:enderman":16,"minecraft:zombified_piglin":7,"minecraft:witch":1,"minecraft:spider":21,"minecraft:silverfish":4,"minecraft:piglin_brute":2,"minecraft:piglin":9,"minecraft:pig":2,"minecraft:creeper":27,"minecraft:sheep":3,"minecraft:trader_llama":2,"minecraft:blaze":12,"minecraft:bat":5,"minecraft:hoglin":4,"minecraft:squid":1,"minecraft:wither_skeleton":18,"minecraft:player":2}},"DataVersion":3465}