{"stats":{"minecraft:used":{"minecraft:oak_trapdoor":8,"minecraft:stone_sword":23,"minecraft:flint_and_steel":11,"minecraft:stone_shovel":203,"minecraft:oak_sign":1,"minecraft:chest":53,"minecraft:shield":45,"minecraft:iron_sword":94,"minecraft:stone_hoe":696,"minecraft:iron_chestplate":1,"minecraft:dirt":4005,"minecraft:golden_chestplate":1,"minecraft:obsidian":14,"minecraft:tuff":2,"minecraft:milk_bucket":1,"minecraft:iron_hoe":500,"minecraft:lava_bucket":1,"minecraft:iron_axe":267,"minecraft:iron_helmet":1,"minecraft:iron_boots":1,"minecraft:barrel":33,"minecraft:tripwire_hook":2,"minecraft:golden_carrot":41,"minecraft:furnace":7,"minecraft:egg":9,"minecraft:cooked_beef":18,"minecraft:cobbled_deepslate":3,"minecraft:acacia_planks":40,"minecraft:iron_leggings":1,"minecraft:cooked_mutton":4,"minecraft:wheat_seeds":238,"minecraft:water_bucket":189,"minecraft:diorite":8,"minecraft:diamond_boots":1,"minecraft:stone_pickaxe":261,"minecraft:oak_planks":224,"minecraft:sugar_cane":27,"minecraft:wooden_pickaxe":15,"minecraft:fletching_table":2,"minecraft:white_wool":142,"minecraft:crafting_table":8,"minecraft:white_bed":9,"minecraft:shears":1,"minecraft:lever":1,"minecraft:diamond_pickaxe":2983,"minecraft:apple":1,"minecraft:bread":55,"minecraft:string":4,"minecraft:iron_pickaxe":3274,"minecraft:gravel":280,"minecraft:stone_axe":141,"minecraft:cobblestone":652,"minecraft:white_banner":1,"minecraft:cooked_porkchop":8,"minecraft:andesite":1,"minecraft:bucket":192,"minecraft:yellow_bed":1,"minecraft:oak_boat":1},"minecraft:dropped":{"minecraft:stone_hoe":1,"minecraft:golden_boots":1,"minecraft:bread":772,"minecraft:oak_slab":290,"minecraft:wheat_seeds":589,"minecraft:lapis_lazuli":5,"minecraft:diamond":2,"minecraft:crafting_table":1,"minecraft:cooked_porkchop":6,"minecraft:diamond_leggings":2,"minecraft:iron_helmet":2,"minecraft:cookie":144,"minecraft:cobblestone":41,"minecraft:leather":6,"minecraft:fletching_table":11,"minecraft:chainmail_helmet":7,"minecraft:stick":42,"minecraft:flint":8,"minecraft:oxeye_daisy":9,"minecraft:dirt":11,"minecraft:diorite":4,"minecraft:golden_carrot":43,"minecraft:cornflower":5,"minecraft:diamond_helmet":2,"minecraft:iron_leggings":3,"farmersdelight:onion":22,"minecraft:glistering_melon_slice":10,"minecraft:iron_shovel":1,"minecraft:paper":3,"minecraft:string":269,"minecraft:white_wool":64,"minecraft:cauldron":3,"minecraft:dandelion":24,"farmersdelight:wheat_dough":3,"minecraft:sugar_cane":10,"minecraft:cooked_chicken":6,"minecraft:golden_chestplate":2,"minecraft:stone_sword":2,"minecraft:wheat":138,"minecraft:stone_shovel":1,"minecraft:chicken":4,"minecraft:rotten_flesh":12,"minecraft:iron_boots":14,"minecraft:oak_planks":55,"minecraft:cooked_mutton":4,"minecraft:azure_bluet":4,"minecraft:white_bed":6,"minecraft:carrot":2,"minecraft:suspicious_stew":7,"minecraft:chainmail_chestplate":8,"minecraft:poppy":3,"minecraft:shield":5,"minecraft:oak_button":1,"minecraft:allium":69,"minecraft:diamond_chestplate":2,"minecraft:diamond_pickaxe":1,"minecraft:iron_chestplate":3,"minecraft:andesite":3,"minecraft:oak_sapling":101,"minecraft:acacia_sapling":1,"minecraft:oak_boat":9,"minecraft:chainmail_boots":10,"minecraft:golden_sword":2,"minecraft:barrel":42,"minecraft:arrow":2,"minecraft:bow":2,"minecraft:wooden_pickaxe":1},"minecraft:custom":{"minecraft:mob_kills":68,"minecraft:inspect_hopper":3,"minecraft:interact_with_crafting_table":79,"minecraft:open_barrel":2,"minecraft:leave_game":4,"minecraft:time_since_death":57330,"minecraft:sprint_one_cm":1254102,"minecraft:walk_one_cm":1321678,"minecraft:damage_blocked_by_shield":2700,"minecraft:drop":237,"minecraft:talked_to_villager":88,"minecraft:play_time":403313,"minecraft:sneak_time":30942,"minecraft:deaths":4,"minecraft:walk_under_water_one_cm":41814,"minecraft:boat_one_cm":26267,"minecraft:jump":9553,"minecraft:walk_on_water_one_cm":54796,"minecraft:total_world_time":403313,"minecraft:interact_with_furnace":111,"minecraft:traded_with_villager":531,"minecraft:sleep_in_bed":21,"minecraft:time_since_rest":6803,"minecraft:damage_taken":5098,"minecraft:damage_dealt":14457,"minecraft:swim_one_cm":39385,"minecraft:fly_one_cm":2367813,"minecraft:open_chest":326,"minecraft:crouch_one_cm":123858,"minecraft:interact_with_smoker":2,"minecraft:fall_one_cm":219512},"minecraft:mined":{"minecraft:diamond_ore":1,"minecraft:white_bed":12,"minecraft:oak_sapling":31,"minecraft:farmland":3,"minecraft:deepslate_diamond_ore":8,"farmersdelight:wild_carrots":2,"minecraft:obsidian":28,"minecraft:allium":18,"minecraft:acacia_log":10,"minecraft:grass_block":4981,"minecraft:oxeye_daisy":10,"minecraft:oak_wall_sign":1,"minecraft:hay_block":4,"farmersdelight:wild_onions":21,"minecraft:oak_trapdoor":13,"minecraft:furnace":4,"minecraft:iron_ore":72,"minecraft:fire":1,"minecraft:andesite":30,"minecraft:fletching_table":2,"minecraft:gold_block":1,"minecraft:azure_bluet":4,"minecraft:dirt_path":14,"minecraft:water_cauldron":5,"minecraft:deepslate_iron_ore":32,"minecraft:stone":3763,"minecraft:white_wool":109,"minecraft:oak_slab":2,"minecraft:dandelion":28,"minecraft:oak_fence":3,"minecraft:cornflower":5,"minecraft:crafting_table":7,"minecraft:poppy":3,"minecraft:chest":10,"minecraft:tall_grass":125,"minecraft:cobblestone":116,"minecraft:oak_planks":72,"minecraft:sugar_cane":25,"minecraft:wall_torch":1,"minecraft:diorite":40,"minecraft:cauldron":1,"minecraft:wheat":752,"minecraft:stripped_oak_wood":1,"minecraft:yellow_bed":1,"minecraft:grass":1639,"minecraft:coal_ore":231,"minecraft:oak_log":124,"minecraft:gravel":461,"minecraft:dirt":4086,"minecraft:cobweb":1,"minecraft:netherrack":2,"minecraft:oak_leaves":5,"minecraft:deepslate":8},"minecraft:crafted":{"minecraft:golden_carrot":84,"minecraft:cookie":144,"minecraft:oak_planks":1788,"minecraft:chainmail_helmet":7,"minecraft:stone_shovel":6,"minecraft:barrel":47,"minecraft:tripwire_hook":2,"minecraft:cooked_chicken":4,"minecraft:furnace":3,"minecraft:lever":1,"minecraft:flint_and_steel":1,"minecraft:cooked_mutton":8,"minecraft:suspicious_stew":7,"minecraft:oak_trapdoor":4,"minecraft:iron_boots":12,"minecraft:diamond_helmet":3,"minecraft:diamond_leggings":3,"minecraft:iron_axe":2,"minecraft:iron_hoe":2,"minecraft:stone_pickaxe":2,"minecraft:chest":53,"minecraft:diamond_boots":1,"minecraft:oak_button":1,"minecraft:stone_hoe":18,"minecraft:wheat":288,"minecraft:cooked_beef":19,"minecraft:oak_slab":384,"minecraft:emerald":397,"minecraft:cooked_porkchop":11,"minecraft:crafting_table":2,"minecraft:wooden_pickaxe":1,"minecraft:iron_helmet":1,"minecraft:iron_sword":1,"minecraft:chainmail_chestplate":8,"minecraft:fletching_table":11,"minecraft:bucket":1,"minecraft:stone_axe":1,"farmersdelight:wheat_dough":3,"minecraft:air":0,"minecraft:bread":545,"minecraft:oak_boat":8,"minecraft:white_wool":158,"minecraft:iron_chestplate":2,"minecraft:diamond_pickaxe":3,"minecraft:shield":3,"minecraft:stick":1200,"minecraft:iron_ingot":106,"minecraft:chainmail_boots":10,"minecraft:iron_pickaxe":16,"minecraft:stone_sword":1,"minecraft:gold_ingot":9,"minecraft:iron_leggings":1,"minecraft:white_bed":2,"minecraft:acacia_planks":40,"minecraft:shears":1,"minecraft:diamond_chestplate":3},"minecraft:killed":{"minecraft:spider":4,"minecraft:horse":2,"minecraft:skeleton":10,"minecraft:cat":1,"minecraft:piglin":2,"minecraft:iron_golem":5,"minecraft:bat":4,"minecraft:creeper":4,"minecraft:sheep":3,"minecraft:pillager":4,"minecraft:zombie":20,"minecraft:cow":5},"minecraft:picked_up":{"minecraft:crafting_table":7,"minecraft:iron_chestplate":3,"minecraft:allium":69,"minecraft:wheat":590,"minecraft:azure_bluet":4,"minecraft:gold_block":1,"minecraft:golden_sword":2,"minecraft:shield":6,"minecraft:cornflower":5,"minecraft:string":6491,"minecraft:oak_trapdoor":7,"minecraft:iron_axe":3,"minecraft:iron_leggings":4,"minecraft:iron_shovel":1,"minecraft:oak_sign":1,"minecraft:cobbled_deepslate":14,"minecraft:beef":9,"minecraft:oak_boat":8,"minecraft:poppy":4,"minecraft:iron_pickaxe":4,"minecraft:chest":22,"minecraft:sugar_cane":37,"minecraft:iron_boots":4,"minecraft:egg":10,"minecraft:furnace":4,"minecraft:raw_iron":105,"minecraft:stick":120,"minecraft:oak_fence":3,"minecraft:torch":50,"minecraft:acacia_log":10,"minecraft:diorite":177,"minecraft:carrot":2,"minecraft:golden_chestplate":1,"minecraft:cauldron":3,"minecraft:stone_sword":1,"minecraft:arrow":22,"minecraft:stone_shovel":2,"minecraft:rotten_flesh":24,"minecraft:diamond_chestplate":1,"farmersdelight:onion":22,"minecraft:diamond_boots":1,"minecraft:hay_block":4,"minecraft:gold_ingot":6,"minecraft:glistering_melon_slice":10,"minecraft:mutton":6,"minecraft:obsidian":42,"minecraft:white_wool":111,"minecraft:cobblestone":3992,"minecraft:oxeye_daisy":10,"minecraft:feather":12,"minecraft:golden_carrot":9,"minecraft:glow_ink_sac":2,"minecraft:water_bucket":3,"minecraft:andesite":38,"minecraft:leather":37,"minecraft:flint":50,"minecraft:tuff":2,"minecraft:oak_log":124,"minecraft:golden_boots":1,"minecraft:yellow_bed":1,"minecraft:gunpowder":5,"minecraft:dirt":9060,"minecraft:lapis_lazuli":10,"minecraft:paper":6,"minecraft:white_banner":2,"minecraft:name_tag":1,"minecraft:bone":9,"minecraft:apple":10,"minecraft:bow":2,"minecraft:wheat_seeds":3257,"minecraft:iron_ingot":17,"minecraft:cooked_chicken":2,"minecraft:stripped_oak_wood":1,"minecraft:fletching_table":2,"minecraft:oak_planks":223,"minecraft:iron_sword":2,"minecraft:stone_hoe":1,"minecraft:acacia_sapling":1,"minecraft:oak_slab":2,"minecraft:cooked_porkchop":3,"minecraft:dandelion":24,"minecraft:gravel":439,"minecraft:white_bed":13,"minecraft:spider_eye":1,"minecraft:barrel":33,"minecraft:diamond":19,"minecraft:iron_helmet":3,"minecraft:bread":230,"minecraft:oak_sapling":117,"minecraft:netherrack":48,"minecraft:coal":280,"minecraft:sunflower":16,"minecraft:diamond_pickaxe":3},"minecraft:broken":{"minecraft:stone_hoe":2,"minecraft:stone_pickaxe":2,"minecraft:diamond_pickaxe":1,"minecraft:iron_axe":1,"minecraft:stone_axe":1,"minecraft:iron_pickaxe":12,"minecraft:stone_shovel":1,"minecraft:iron_hoe":2},"minecraft:killed_by":{"minecraft:player":1,"minecraft:creeper":2}},"DataVersion":3465}