{"stats":{"minecraft:used":{"minecraft:oak_trapdoor":8,"minecraft:stone_sword":23,"minecraft:stone_shovel":203,"minecraft:chest":6,"minecraft:shield":29,"minecraft:iron_sword":26,"minecraft:stone_hoe":350,"minecraft:iron_chestplate":1,"minecraft:dirt":164,"minecraft:golden_chestplate":1,"minecraft:tuff":2,"minecraft:milk_bucket":1,"minecraft:lava_bucket":1,"minecraft:iron_axe":61,"minecraft:iron_helmet":1,"minecraft:iron_boots":1,"minecraft:barrel":33,"minecraft:tripwire_hook":2,"minecraft:furnace":7,"minecraft:egg":5,"minecraft:cooked_beef":18,"minecraft:acacia_planks":40,"minecraft:cobbled_deepslate":3,"minecraft:iron_leggings":1,"minecraft:cooked_mutton":3,"minecraft:wheat_seeds":238,"minecraft:water_bucket":94,"minecraft:diorite":8,"minecraft:stone_pickaxe":261,"minecraft:oak_planks":224,"minecraft:wooden_pickaxe":15,"minecraft:fletching_table":2,"minecraft:sugar_cane":27,"minecraft:crafting_table":8,"minecraft:white_bed":6,"minecraft:shears":1,"minecraft:lever":1,"minecraft:apple":1,"minecraft:bread":24,"minecraft:string":4,"minecraft:iron_pickaxe":396,"minecraft:gravel":277,"minecraft:stone_axe":141,"minecraft:cobblestone":207,"minecraft:white_banner":1,"minecraft:cooked_porkchop":8,"minecraft:bucket":96,"minecraft:yellow_bed":1,"minecraft:oak_boat":1},"minecraft:dropped":{"minecraft:stone_hoe":1,"minecraft:bread":364,"minecraft:oak_slab":290,"minecraft:wheat_seeds":534,"minecraft:lapis_lazuli":5,"minecraft:diamond":2,"minecraft:crafting_table":1,"minecraft:cooked_porkchop":6,"minecraft:diamond_leggings":1,"minecraft:iron_helmet":2,"minecraft:cobblestone":41,"minecraft:leather":5,"minecraft:fletching_table":11,"minecraft:chainmail_helmet":7,"minecraft:flint":6,"minecraft:stick":22,"minecraft:oxeye_daisy":9,"minecraft:dirt":11,"minecraft:diorite":4,"minecraft:cornflower":5,"minecraft:diamond_helmet":1,"minecraft:iron_leggings":2,"farmersdelight:onion":14,"minecraft:glistering_melon_slice":10,"minecraft:paper":3,"minecraft:string":256,"minecraft:dandelion":24,"minecraft:cauldron":3,"minecraft:sugar_cane":10,"minecraft:cooked_chicken":6,"minecraft:golden_chestplate":1,"minecraft:stone_sword":2,"minecraft:wheat":138,"minecraft:stone_shovel":1,"minecraft:chicken":4,"minecraft:rotten_flesh":10,"minecraft:oak_planks":55,"minecraft:iron_boots":13,"minecraft:cooked_mutton":4,"minecraft:azure_bluet":4,"minecraft:chainmail_chestplate":8,"minecraft:carrot":2,"minecraft:poppy":3,"minecraft:shield":4,"minecraft:oak_button":1,"minecraft:diamond_chestplate":1,"minecraft:allium":69,"minecraft:iron_chestplate":3,"minecraft:andesite":3,"minecraft:chainmail_boots":10,"minecraft:oak_boat":9,"minecraft:oak_sapling":35,"minecraft:acacia_sapling":1,"minecraft:golden_sword":2,"minecraft:barrel":42,"minecraft:arrow":2,"minecraft:bow":2,"minecraft:wooden_pickaxe":1},"minecraft:killed_by":{"minecraft:player":1,"minecraft:creeper":1},"minecraft:crafted":{"minecraft:oak_planks":1560,"minecraft:chainmail_helmet":7,"minecraft:stone_shovel":6,"minecraft:barrel":47,"minecraft:tripwire_hook":2,"minecraft:cooked_chicken":4,"minecraft:furnace":3,"minecraft:lever":1,"minecraft:cooked_mutton":7,"minecraft:oak_trapdoor":4,"minecraft:diamond_helmet":2,"minecraft:diamond_leggings":2,"minecraft:iron_boots":12,"minecraft:iron_axe":1,"minecraft:stone_pickaxe":2,"minecraft:diamond_boots":1,"minecraft:chest":25,"minecraft:oak_button":1,"minecraft:stone_hoe":3,"minecraft:wheat":288,"minecraft:cooked_beef":19,"minecraft:oak_slab":384,"minecraft:emerald":270,"minecraft:cooked_porkchop":11,"minecraft:crafting_table":2,"minecraft:wooden_pickaxe":1,"minecraft:iron_helmet":1,"minecraft:iron_sword":1,"minecraft:chainmail_chestplate":8,"minecraft:fletching_table":11,"minecraft:bucket":1,"minecraft:stone_axe":1,"minecraft:bread":288,"minecraft:air":0,"minecraft:oak_boat":8,"minecraft:iron_chestplate":2,"minecraft:diamond_pickaxe":1,"minecraft:shield":3,"minecraft:stick":1072,"minecraft:chainmail_boots":10,"minecraft:iron_ingot":93,"minecraft:iron_pickaxe":2,"minecraft:stone_sword":1,"minecraft:gold_ingot":9,"minecraft:iron_leggings":1,"minecraft:white_bed":1,"minecraft:acacia_planks":40,"minecraft:shears":1,"minecraft:diamond_chestplate":2},"minecraft:broken":{"minecraft:stone_hoe":2,"minecraft:stone_pickaxe":2,"minecraft:stone_axe":1,"minecraft:iron_pickaxe":1,"minecraft:stone_shovel":1},"minecraft:custom":{"minecraft:mob_kills":39,"minecraft:interact_with_crafting_table":54,"minecraft:open_barrel":2,"minecraft:leave_game":2,"minecraft:time_since_death":31611,"minecraft:sprint_one_cm":542788,"minecraft:walk_one_cm":464232,"minecraft:damage_blocked_by_shield":1545,"minecraft:drop":181,"minecraft:talked_to_villager":62,"minecraft:play_time":160771,"minecraft:sneak_time":9207,"minecraft:deaths":3,"minecraft:walk_under_water_one_cm":21192,"minecraft:boat_one_cm":26267,"minecraft:jump":3941,"minecraft:walk_on_water_one_cm":30215,"minecraft:total_world_time":160771,"minecraft:interact_with_furnace":97,"minecraft:traded_with_villager":344,"minecraft:sleep_in_bed":8,"minecraft:time_since_rest":7226,"minecraft:damage_taken":3586,"minecraft:damage_dealt":7234,"minecraft:swim_one_cm":24283,"minecraft:fly_one_cm":889885,"minecraft:open_chest":77,"minecraft:crouch_one_cm":39217,"minecraft:interact_with_smoker":1,"minecraft:fall_one_cm":127785},"minecraft:killed":{"minecraft:spider":1,"minecraft:skeleton":7,"minecraft:cat":1,"minecraft:iron_golem":3,"minecraft:bat":4,"minecraft:creeper":1,"minecraft:sheep":3,"minecraft:pillager":1,"minecraft:zombie":12,"minecraft:cow":5},"minecraft:mined":{"minecraft:farmland":3,"minecraft:white_bed":5,"minecraft:oak_sapling":31,"minecraft:deepslate_diamond_ore":7,"farmersdelight:wild_carrots":2,"minecraft:acacia_log":10,"minecraft:allium":18,"minecraft:grass_block":201,"minecraft:oxeye_daisy":10,"minecraft:hay_block":4,"farmersdelight:wild_onions":21,"minecraft:oak_trapdoor":13,"minecraft:furnace":4,"minecraft:iron_ore":68,"minecraft:andesite":29,"minecraft:fletching_table":2,"minecraft:azure_bluet":4,"minecraft:gold_block":1,"minecraft:dirt_path":14,"minecraft:deepslate_iron_ore":24,"minecraft:water_cauldron":3,"minecraft:stone":372,"minecraft:dandelion":28,"minecraft:cornflower":5,"minecraft:crafting_table":7,"minecraft:poppy":3,"minecraft:chest":1,"minecraft:tall_grass":125,"minecraft:cobblestone":39,"minecraft:oak_planks":22,"minecraft:sugar_cane":25,"minecraft:diorite":15,"minecraft:wheat":351,"minecraft:yellow_bed":1,"minecraft:grass":1587,"minecraft:coal_ore":105,"minecraft:oak_log":63,"minecraft:gravel":336,"minecraft:dirt":11,"minecraft:cobweb":1,"minecraft:oak_leaves":5,"minecraft:deepslate":4},"minecraft:picked_up":{"minecraft:iron_chestplate":3,"minecraft:crafting_table":7,"minecraft:wheat":202,"minecraft:allium":69,"minecraft:azure_bluet":4,"minecraft:gold_block":1,"minecraft:golden_sword":2,"minecraft:shield":4,"minecraft:cornflower":5,"minecraft:oak_trapdoor":7,"minecraft:string":4586,"minecraft:iron_axe":2,"minecraft:iron_leggings":4,"minecraft:cobbled_deepslate":4,"minecraft:beef":9,"minecraft:oak_boat":8,"minecraft:poppy":4,"minecraft:iron_pickaxe":2,"minecraft:sugar_cane":37,"minecraft:chest":1,"minecraft:iron_boots":4,"minecraft:egg":5,"minecraft:furnace":4,"minecraft:raw_iron":92,"minecraft:stick":19,"minecraft:torch":46,"minecraft:acacia_log":10,"minecraft:diorite":152,"minecraft:carrot":2,"minecraft:cauldron":3,"minecraft:stone_sword":1,"minecraft:stone_shovel":2,"minecraft:arrow":12,"minecraft:rotten_flesh":17,"farmersdelight:onion":22,"minecraft:hay_block":4,"minecraft:gold_ingot":6,"minecraft:glistering_melon_slice":10,"minecraft:mutton":6,"minecraft:cobblestone":474,"minecraft:white_wool":3,"minecraft:oxeye_daisy":10,"minecraft:glow_ink_sac":1,"minecraft:water_bucket":2,"minecraft:andesite":35,"minecraft:leather":13,"minecraft:flint":36,"minecraft:tuff":2,"minecraft:oak_log":62,"minecraft:yellow_bed":1,"minecraft:gunpowder":2,"minecraft:lapis_lazuli":10,"minecraft:dirt":244,"minecraft:paper":6,"minecraft:white_banner":1,"minecraft:bone":5,"minecraft:apple":1,"minecraft:bow":2,"minecraft:wheat_seeds":773,"minecraft:iron_ingot":10,"minecraft:cooked_chicken":2,"minecraft:fletching_table":2,"minecraft:stone_hoe":1,"minecraft:iron_sword":2,"minecraft:oak_planks":145,"minecraft:acacia_sapling":1,"minecraft:cooked_porkchop":3,"minecraft:dandelion":24,"minecraft:gravel":306,"minecraft:barrel":33,"minecraft:white_bed":5,"minecraft:diamond":17,"minecraft:iron_helmet":3,"minecraft:bread":86,"minecraft:oak_sapling":41,"minecraft:coal":136,"minecraft:diamond_pickaxe":2}},"DataVersion":3465}