{"stats":{"minecraft:dropped":{"minecraft:bread":173,"minecraft:wheat_seeds":2,"minecraft:crafting_table":1,"minecraft:cobblestone":32,"minecraft:leather":1,"minecraft:stick":12,"minecraft:oxeye_daisy":1,"minecraft:dirt":4,"minecraft:cornflower":2,"farmersdelight:onion":4,"minecraft:dandelion":6,"minecraft:cauldron":3,"minecraft:sugar_cane":10,"minecraft:cooked_chicken":4,"minecraft:golden_chestplate":1,"minecraft:stone_sword":1,"minecraft:chicken":4,"minecraft:rotten_flesh":3,"minecraft:iron_boots":1,"minecraft:cooked_mutton":4,"minecraft:azure_bluet":3,"minecraft:carrot":2,"minecraft:poppy":1,"minecraft:shield":3,"minecraft:oak_button":1,"minecraft:allium":15,"minecraft:iron_chestplate":1,"minecraft:oak_boat":1,"minecraft:oak_sapling":5,"minecraft:acacia_sapling":1,"minecraft:wooden_pickaxe":1},"minecraft:used":{"minecraft:oak_trapdoor":5,"minecraft:stone_sword":23,"minecraft:stone_shovel":203,"minecraft:shield":29,"minecraft:iron_chestplate":1,"minecraft:dirt":121,"minecraft:golden_chestplate":1,"minecraft:tuff":2,"minecraft:lava_bucket":1,"minecraft:iron_axe":1,"minecraft:iron_helmet":1,"minecraft:iron_boots":1,"minecraft:furnace":7,"minecraft:egg":1,"minecraft:cooked_beef":11,"minecraft:acacia_planks":40,"minecraft:cobbled_deepslate":3,"minecraft:iron_leggings":1,"minecraft:water_bucket":20,"minecraft:stone_pickaxe":261,"minecraft:oak_planks":169,"minecraft:wooden_pickaxe":15,"minecraft:crafting_table":7,"minecraft:white_bed":6,"minecraft:apple":1,"minecraft:bread":19,"minecraft:string":1,"minecraft:iron_pickaxe":223,"minecraft:stone_axe":141,"minecraft:cobblestone":178,"minecraft:cooked_porkchop":6,"minecraft:bucket":22,"minecraft:yellow_bed":1,"minecraft:oak_boat":1},"minecraft:killed_by":{"minecraft:creeper":1},"minecraft:crafted":{"minecraft:oak_planks":244,"minecraft:stone_shovel":6,"minecraft:cooked_chicken":4,"minecraft:furnace":3,"minecraft:cooked_mutton":4,"minecraft:iron_boots":2,"minecraft:iron_axe":1,"minecraft:stone_pickaxe":2,"minecraft:oak_button":1,"minecraft:wheat":288,"minecraft:cooked_beef":12,"minecraft:cooked_porkchop":11,"minecraft:crafting_table":1,"minecraft:wooden_pickaxe":1,"minecraft:iron_helmet":1,"minecraft:iron_sword":1,"minecraft:bucket":1,"minecraft:stone_axe":1,"minecraft:bread":96,"minecraft:air":0,"minecraft:oak_boat":1,"minecraft:iron_chestplate":2,"minecraft:diamond_pickaxe":1,"minecraft:shield":3,"minecraft:stick":32,"minecraft:iron_ingot":70,"minecraft:iron_pickaxe":1,"minecraft:stone_sword":1,"minecraft:gold_ingot":9,"minecraft:iron_leggings":1,"minecraft:white_bed":1,"minecraft:acacia_planks":40},"minecraft:broken":{"minecraft:stone_pickaxe":2,"minecraft:stone_axe":1,"minecraft:stone_shovel":1},"minecraft:custom":{"minecraft:mob_kills":19,"minecraft:interact_with_crafting_table":39,"minecraft:leave_game":2,"minecraft:time_since_death":81375,"minecraft:sprint_one_cm":263567,"minecraft:walk_one_cm":193829,"minecraft:damage_blocked_by_shield":1545,"minecraft:drop":48,"minecraft:talked_to_villager":13,"minecraft:play_time":82771,"minecraft:sneak_time":6523,"minecraft:deaths":1,"minecraft:walk_under_water_one_cm":2770,"minecraft:boat_one_cm":26267,"minecraft:jump":2021,"minecraft:walk_on_water_one_cm":8742,"minecraft:total_world_time":82771,"minecraft:interact_with_furnace":82,"minecraft:sleep_in_bed":4,"minecraft:time_since_rest":22318,"minecraft:damage_taken":2058,"minecraft:damage_dealt":3238,"minecraft:swim_one_cm":12381,"minecraft:fly_one_cm":443611,"minecraft:open_chest":23,"minecraft:crouch_one_cm":30153,"minecraft:fall_one_cm":72396},"minecraft:killed":{"minecraft:skeleton":7,"minecraft:iron_golem":1,"minecraft:sheep":3,"minecraft:zombie":7,"minecraft:cow":1},"minecraft:mined":{"minecraft:white_bed":5,"minecraft:deepslate_diamond_ore":7,"farmersdelight:wild_carrots":2,"minecraft:acacia_log":10,"minecraft:allium":6,"minecraft:grass_block":186,"minecraft:oxeye_daisy":3,"minecraft:hay_block":4,"farmersdelight:wild_onions":3,"minecraft:oak_trapdoor":12,"minecraft:furnace":4,"minecraft:iron_ore":45,"minecraft:azure_bluet":3,"minecraft:gold_block":1,"minecraft:dirt_path":14,"minecraft:deepslate_iron_ore":24,"minecraft:water_cauldron":3,"minecraft:stone":311,"minecraft:dandelion":13,"minecraft:cornflower":2,"minecraft:crafting_table":7,"minecraft:poppy":1,"minecraft:tall_grass":87,"minecraft:cobblestone":34,"minecraft:sugar_cane":4,"minecraft:diorite":3,"minecraft:yellow_bed":1,"minecraft:grass":1018,"minecraft:coal_ore":62,"minecraft:oak_log":63,"minecraft:dirt":7,"minecraft:oak_leaves":5,"minecraft:deepslate":4},"minecraft:picked_up":{"minecraft:crafting_table":7,"minecraft:allium":15,"minecraft:azure_bluet":3,"minecraft:gold_block":1,"minecraft:shield":1,"minecraft:cornflower":2,"minecraft:oak_trapdoor":5,"minecraft:string":1,"minecraft:cobbled_deepslate":4,"minecraft:beef":3,"minecraft:oak_boat":1,"minecraft:poppy":1,"minecraft:sugar_cane":10,"minecraft:egg":1,"minecraft:furnace":4,"minecraft:raw_iron":69,"minecraft:stick":9,"minecraft:acacia_log":10,"minecraft:diorite":132,"minecraft:carrot":2,"minecraft:cauldron":3,"minecraft:arrow":8,"minecraft:rotten_flesh":3,"farmersdelight:onion":4,"minecraft:hay_block":4,"minecraft:mutton":6,"minecraft:cobblestone":391,"minecraft:white_wool":3,"minecraft:oxeye_daisy":3,"minecraft:glow_ink_sac":1,"minecraft:leather":1,"minecraft:tuff":2,"minecraft:oak_log":62,"minecraft:yellow_bed":1,"minecraft:dirt":207,"minecraft:bone":5,"minecraft:apple":1,"minecraft:wheat_seeds":139,"minecraft:oak_planks":72,"minecraft:acacia_sapling":1,"minecraft:dandelion":9,"minecraft:white_bed":5,"minecraft:diamond":7,"minecraft:bread":48,"minecraft:oak_sapling":5,"minecraft:coal":93}},"DataVersion":3465}