{"stats":{"minecraft:mined":{"minecraft:white_bed":21,"minecraft:oak_sapling":31,"minecraft:farmland":3,"minecraft:obsidian":28,"minecraft:granite":38,"minecraft:acacia_log":10,"minecraft:grass_block":5013,"minecraft:composter":1,"minecraft:oak_wall_sign":1,"minecraft:oxeye_daisy":10,"minecraft:spawner":1,"minecraft:cobbled_deepslate":10,"minecraft:iron_ore":142,"minecraft:fire":1,"minecraft:barrel":77,"minecraft:deepslate_lapis_ore":2,"minecraft:fletching_table":5,"minecraft:azure_bluet":4,"minecraft:water_cauldron":5,"minecraft:dirt_path":14,"minecraft:oak_stairs":70,"minecraft:birch_wall_sign":3,"minecraft:tripwire":5,"minecraft:deepslate_redstone_ore":11,"minecraft:smoker":1,"minecraft:torch":10,"minecraft:blast_furnace":1,"minecraft:poppy":3,"minecraft:chest":10,"minecraft:cobblestone":290,"minecraft:sugar_cane":106,"minecraft:oak_planks":108,"minecraft:wall_torch":1,"minecraft:cauldron":1,"minecraft:wheat":2272,"minecraft:stripped_oak_wood":1,"minecraft:grass":1673,"minecraft:oak_log":169,"minecraft:oak_fence_gate":1,"minecraft:sand":1,"minecraft:dirt":4100,"minecraft:netherrack":2,"minecraft:oak_leaves":5,"minecraft:deepslate":288,"minecraft:diamond_ore":1,"minecraft:tuff":3,"minecraft:mossy_cobblestone":2,"minecraft:deepslate_diamond_ore":24,"farmersdelight:wild_carrots":2,"minecraft:allium":18,"minecraft:birch_slab":5,"minecraft:hay_block":4,"farmersdelight:wild_onions":21,"minecraft:redstone_ore":4,"minecraft:oak_trapdoor":87,"minecraft:furnace":6,"minecraft:andesite":47,"minecraft:gold_block":1,"minecraft:bookshelf":6,"minecraft:deepslate_iron_ore":241,"minecraft:rail":1,"minecraft:stone":5485,"minecraft:white_wool":122,"minecraft:smithing_table":2,"minecraft:oak_slab":14,"minecraft:glass_pane":3,"minecraft:dandelion":28,"minecraft:oak_fence":3,"minecraft:crafting_table":9,"minecraft:cornflower":5,"minecraft:lectern":1,"minecraft:tall_grass":142,"minecraft:copper_ore":17,"minecraft:lapis_ore":1,"minecraft:deepslate_gold_ore":45,"minecraft:diorite":43,"minecraft:birch_planks":30,"minecraft:yellow_bed":1,"minecraft:coal_ore":286,"minecraft:sunflower":4,"minecraft:gravel":693,"minecraft:cobweb":1,"minecraft:gold_ore":8},"minecraft:broken":{"minecraft:stone_pickaxe":2,"minecraft:diamond_pickaxe":1,"minecraft:stone_axe":1,"minecraft:stone_shovel":1,"minecraft:iron_hoe":2,"minecraft:stone_hoe":7,"minecraft:shield":1,"minecraft:iron_axe":2,"minecraft:iron_pickaxe":20},"minecraft:dropped":{"minecraft:iron_sword":1,"minecraft:birch_planks":2,"minecraft:lapis_lazuli":5,"minecraft:diamond":2,"minecraft:crafting_table":1,"minecraft:cooked_porkchop":6,"minecraft:cookie":144,"minecraft:leather":6,"minecraft:fletching_table":11,"minecraft:rail":1,"minecraft:birch_slab":10,"minecraft:flint":14,"minecraft:dirt":17,"minecraft:cornflower":5,"farmersdelight:onion":22,"minecraft:sunflower":2,"minecraft:sand":1,"minecraft:iron_pickaxe":3,"minecraft:glistering_melon_slice":10,"minecraft:white_wool":64,"minecraft:cauldron":3,"minecraft:bone":1,"minecraft:gravel":66,"minecraft:sugar_cane":10,"minecraft:cooked_chicken":6,"minecraft:golden_chestplate":2,"minecraft:cobbled_deepslate":58,"minecraft:wheat":138,"minecraft:rotten_flesh":18,"minecraft:oak_planks":55,"minecraft:cooked_mutton":4,"minecraft:azure_bluet":4,"minecraft:white_bed":6,"minecraft:carrot":2,"minecraft:chainmail_chestplate":8,"minecraft:poppy":3,"minecraft:gunpowder":4,"minecraft:acacia_sapling":1,"minecraft:chainmail_boots":10,"minecraft:arrow":5,"minecraft:beef":15,"minecraft:stone_hoe":1,"minecraft:enchanted_book":1,"minecraft:water_bucket":2,"minecraft:golden_boots":1,"minecraft:bread":1224,"minecraft:oak_slab":290,"minecraft:wheat_seeds":1121,"minecraft:diamond_leggings":3,"minecraft:iron_helmet":2,"minecraft:cobblestone":213,"minecraft:book":1,"minecraft:granite":19,"minecraft:chainmail_helmet":7,"minecraft:coal":5,"minecraft:stick":105,"minecraft:oxeye_daisy":9,"minecraft:diorite":6,"minecraft:golden_carrot":56,"minecraft:torch":1,"minecraft:diamond_helmet":3,"minecraft:iron_leggings":3,"minecraft:iron_axe":8,"minecraft:iron_shovel":1,"minecraft:paper":3,"minecraft:string":274,"minecraft:pink_petals":9,"minecraft:dandelion":24,"farmersdelight:wheat_dough":3,"minecraft:oak_trapdoor":256,"minecraft:stone_sword":2,"minecraft:raw_copper":2,"minecraft:stone_shovel":16,"minecraft:chicken":4,"minecraft:iron_boots":14,"minecraft:stone_slab":5,"farmersdelight:straw":1,"minecraft:flint_and_steel":1,"minecraft:suspicious_stew":7,"minecraft:blast_furnace":1,"minecraft:shield":5,"minecraft:oak_button":1,"minecraft:allium":69,"minecraft:diamond_chestplate":3,"minecraft:diamond_pickaxe":1,"minecraft:iron_chestplate":3,"minecraft:andesite":19,"minecraft:oak_sapling":103,"minecraft:oak_boat":9,"minecraft:golden_sword":2,"minecraft:barrel":42,"minecraft:diamond_boots":1,"minecraft:bow":3,"minecraft:wooden_pickaxe":1},"minecraft:crafted":{"minecraft:grindstone":1,"minecraft:oak_planks":2412,"minecraft:chainmail_helmet":7,"minecraft:barrel":47,"minecraft:cooked_chicken":4,"minecraft:birch_slab":24,"minecraft:stone":3,"minecraft:lever":1,"minecraft:bookshelf":12,"minecraft:cooked_mutton":8,"minecraft:suspicious_stew":7,"minecraft:diamond_helmet":3,"minecraft:bow":1,"minecraft:diamond_leggings":3,"minecraft:iron_boots":12,"minecraft:chest":53,"minecraft:oak_button":1,"minecraft:stone_hoe":36,"minecraft:oak_fence":15,"minecraft:oak_slab":450,"minecraft:arrow":144,"minecraft:emerald":1184,"minecraft:cooked_porkchop":11,"minecraft:crafting_table":3,"minecraft:wooden_pickaxe":1,"minecraft:iron_helmet":1,"minecraft:chainmail_chestplate":8,"minecraft:fletching_table":20,"farmersdelight:wheat_dough":3,"minecraft:lectern":6,"minecraft:iron_chestplate":2,"minecraft:book":21,"minecraft:paper":261,"minecraft:diamond_pickaxe":3,"minecraft:shield":4,"minecraft:stick":1464,"minecraft:stone_slab":6,"minecraft:iron_ingot":367,"minecraft:iron_pickaxe":25,"minecraft:iron_block":9,"minecraft:stone_sword":1,"minecraft:gold_ingot":60,"minecraft:shears":1,"minecraft:golden_carrot":174,"minecraft:cookie":144,"minecraft:stone_shovel":19,"minecraft:tripwire_hook":2,"minecraft:furnace":4,"minecraft:oak_trapdoor":56,"minecraft:flint_and_steel":2,"minecraft:iron_axe":9,"minecraft:iron_hoe":2,"minecraft:stone_pickaxe":2,"minecraft:diamond_boots":1,"minecraft:birch_sign":6,"minecraft:wheat":288,"minecraft:cooked_beef":19,"minecraft:diamond_sword":1,"minecraft:iron_sword":1,"minecraft:bucket":2,"minecraft:stone_axe":1,"minecraft:enchanted_book":19,"minecraft:bread":997,"minecraft:air":0,"minecraft:oak_fence_gate":4,"minecraft:oak_boat":8,"minecraft:white_wool":158,"minecraft:chainmail_boots":10,"minecraft:oak_stairs":68,"minecraft:birch_trapdoor":20,"minecraft:iron_leggings":1,"minecraft:anvil":3,"minecraft:white_bed":16,"minecraft:acacia_planks":40,"minecraft:torch":128,"minecraft:diamond_chestplate":3},"minecraft:killed_by":{"minecraft:creeper":2,"minecraft:player":1},"minecraft:custom":{"minecraft:interact_with_crafting_table":148,"minecraft:open_barrel":17,"minecraft:leave_game":6,"minecraft:time_since_death":433374,"minecraft:sprint_one_cm":2337762,"minecraft:damage_blocked_by_shield":3495,"minecraft:drop":345,"minecraft:talked_to_villager":418,"minecraft:play_time":779357,"minecraft:deaths":4,"minecraft:jump":16477,"minecraft:walk_on_water_one_cm":122376,"minecraft:interact_with_furnace":147,"minecraft:traded_with_villager":1397,"minecraft:sleep_in_bed":43,"minecraft:damage_dealt":28805,"minecraft:player_kills":1,"minecraft:crouch_one_cm":153155,"minecraft:interact_with_smoker":4,"minecraft:interact_with_anvil":12,"minecraft:mob_kills":142,"minecraft:inspect_hopper":4,"minecraft:walk_one_cm":2586589,"minecraft:sneak_time":44198,"minecraft:walk_under_water_one_cm":136161,"minecraft:boat_one_cm":26283,"minecraft:total_world_time":779357,"minecraft:interact_with_grindstone":2,"minecraft:time_since_rest":1054,"minecraft:damage_taken":7250,"minecraft:swim_one_cm":214160,"minecraft:fly_one_cm":3980637,"minecraft:open_chest":570,"minecraft:fall_one_cm":358226},"minecraft:killed":{"minecraft:spider":13,"minecraft:skeleton":22,"minecraft:chicken":1,"minecraft:cat":1,"minecraft:piglin":2,"minecraft:pig":2,"minecraft:iron_golem":6,"minecraft:creeper":9,"minecraft:sheep":3,"minecraft:pillager":4,"minecraft:zombie":37,"minecraft:donkey":4,"minecraft:cow":17,"minecraft:horse":9,"minecraft:bat":4,"minecraft:wandering_trader":1,"minecraft:player":1},"minecraft:picked_up":{"minecraft:iron_chestplate":3,"minecraft:wheat":1888,"minecraft:smithing_table":3,"minecraft:lead":2,"minecraft:oak_stairs":6,"minecraft:enchanted_book":1,"minecraft:golden_sword":2,"minecraft:string":15356,"minecraft:raw_copper":59,"minecraft:iron_leggings":4,"minecraft:oak_sign":1,"minecraft:cobbled_deepslate":311,"minecraft:iron_pickaxe":4,"minecraft:furnace":6,"minecraft:iron_boots":4,"minecraft:stick":120,"minecraft:composter":1,"minecraft:oak_fence":3,"minecraft:torch":65,"minecraft:acacia_log":10,"minecraft:porkchop":3,"minecraft:diorite":180,"minecraft:golden_chestplate":1,"minecraft:cauldron":3,"minecraft:stone_sword":1,"minecraft:rotten_flesh":39,"farmersdelight:onion":22,"minecraft:obsidian":42,"minecraft:cobblestone":5891,"minecraft:pink_petals":9,"minecraft:feather":12,"minecraft:cooked_beef":5,"minecraft:birch_slab":15,"minecraft:water_bucket":6,"minecraft:andesite":56,"minecraft:smoker":1,"minecraft:flint":73,"minecraft:tuff":5,"minecraft:lapis_lazuli":45,"minecraft:dirt":9111,"minecraft:name_tag":1,"minecraft:bone":16,"minecraft:bow":24,"minecraft:wheat_seeds":7107,"minecraft:raw_gold":78,"minecraft:fletching_table":5,"minecraft:stone_hoe":1,"minecraft:oak_planks":236,"minecraft:cooked_porkchop":4,"minecraft:sand":1,"minecraft:barrel":110,"minecraft:diamond":47,"minecraft:granite":22,"minecraft:bread":230,"minecraft:oak_sapling":119,"minecraft:netherrack":48,"minecraft:diamond_pickaxe":3,"minecraft:crafting_table":9,"minecraft:allium":69,"minecraft:azure_bluet":4,"minecraft:chicken":1,"minecraft:gold_block":1,"minecraft:shield":6,"minecraft:cornflower":5,"minecraft:oak_trapdoor":466,"minecraft:iron_axe":5,"minecraft:iron_shovel":1,"minecraft:beef":24,"farmersdelight:straw":1,"minecraft:oak_boat":8,"minecraft:poppy":4,"minecraft:lectern":1,"minecraft:sugar_cane":199,"minecraft:chest":22,"minecraft:egg":16,"minecraft:raw_iron":546,"minecraft:oak_door":1,"minecraft:carrot":2,"minecraft:redstone":92,"minecraft:arrow":36,"minecraft:stone_shovel":4,"minecraft:diamond_chestplate":1,"minecraft:diamond_boots":1,"minecraft:hay_block":4,"minecraft:glistering_melon_slice":10,"minecraft:gold_ingot":6,"minecraft:mutton":6,"minecraft:rail":2,"minecraft:white_wool":124,"minecraft:oxeye_daisy":10,"minecraft:golden_carrot":9,"minecraft:glow_ink_sac":2,"minecraft:leather":57,"minecraft:birch_planks":30,"minecraft:oak_log":176,"minecraft:golden_boots":1,"minecraft:yellow_bed":1,"minecraft:gunpowder":12,"minecraft:paper":6,"minecraft:white_banner":2,"minecraft:apple":10,"minecraft:oak_fence_gate":1,"minecraft:iron_ingot":19,"minecraft:cooked_chicken":2,"minecraft:stripped_oak_wood":1,"minecraft:iron_sword":3,"minecraft:acacia_sapling":1,"minecraft:book":19,"minecraft:oak_slab":5,"minecraft:dandelion":24,"minecraft:gravel":648,"minecraft:blast_furnace":2,"minecraft:white_bed":22,"minecraft:spider_eye":3,"minecraft:iron_helmet":3,"minecraft:birch_sign":4,"minecraft:coal":383,"minecraft:sunflower":18},"minecraft:used":{"minecraft:oak_sign":1,"minecraft:chest":55,"minecraft:shield":57,"minecraft:iron_sword":182,"minecraft:iron_chestplate":1,"minecraft:tuff":5,"minecraft:obsidian":15,"minecraft:milk_bucket":1,"minecraft:lava_bucket":1,"minecraft:iron_helmet":1,"minecraft:birch_trapdoor":12,"minecraft:furnace":10,"minecraft:egg":15,"minecraft:diorite":8,"minecraft:diamond_boots":1,"minecraft:stone_pickaxe":261,"minecraft:oak_planks":405,"minecraft:wooden_pickaxe":15,"minecraft:sugar_cane":42,"minecraft:white_wool":142,"minecraft:shears":1,"minecraft:lever":1,"minecraft:birch_slab":5,"minecraft:string":13,"minecraft:bread":55,"minecraft:lectern":7,"minecraft:gravel":423,"minecraft:diamond_sword":91,"minecraft:grindstone":1,"minecraft:smithing_table":2,"minecraft:andesite":1,"minecraft:oak_boat":1,"minecraft:oak_fence":12,"minecraft:oak_trapdoor":189,"minecraft:stone_sword":23,"minecraft:flint_and_steel":12,"minecraft:stone_shovel":203,"minecraft:stone_hoe":2314,"minecraft:torch":27,"minecraft:dirt":4042,"minecraft:anvil":3,"minecraft:golden_chestplate":1,"minecraft:granite":3,"minecraft:oak_fence_gate":5,"minecraft:iron_hoe":500,"minecraft:bookshelf":6,"minecraft:iron_axe":704,"minecraft:oak_stairs":68,"minecraft:iron_boots":1,"minecraft:barrel":102,"minecraft:diamond_chestplate":1,"minecraft:tripwire_hook":2,"minecraft:golden_carrot":102,"minecraft:cooked_beef":23,"minecraft:cobbled_deepslate":231,"minecraft:acacia_planks":40,"minecraft:iron_leggings":1,"minecraft:wheat_seeds":1383,"minecraft:cooked_mutton":4,"minecraft:water_bucket":444,"minecraft:birch_planks":54,"farmersdelight:golden_knife":8,"minecraft:fletching_table":14,"minecraft:oak_slab":31,"minecraft:crafting_table":11,"minecraft:birch_sign":4,"minecraft:white_bed":32,"minecraft:smoker":1,"minecraft:oak_log":124,"minecraft:diamond_pickaxe":3641,"minecraft:apple":1,"minecraft:iron_pickaxe":5338,"minecraft:stone_axe":141,"minecraft:cobblestone":1008,"minecraft:porkchop":3,"minecraft:white_banner":2,"minecraft:cooked_porkchop":9,"minecraft:bucket":448,"minecraft:yellow_bed":1}},"DataVersion":3465}