{"stats":{"minecraft:dropped":{"minecraft:wheat_seeds":1},"minecraft:used":{"minecraft:stone_sword":1,"minecraft:stone_pickaxe":64,"minecraft:wooden_pickaxe":15,"minecraft:stone_axe":60,"minecraft:dirt":2,"minecraft:cobblestone":7,"minecraft:crafting_table":4,"minecraft:white_bed":1,"minecraft:acacia_planks":39},"minecraft:killed_by":{"minecraft:creeper":1},"minecraft:crafted":{"minecraft:oak_planks":124,"minecraft:crafting_table":1,"minecraft:stick":8,"minecraft:wooden_pickaxe":1,"minecraft:stone_pickaxe":1,"minecraft:stone_sword":1,"minecraft:oak_button":1,"minecraft:white_bed":1,"minecraft:acacia_planks":40,"minecraft:stone_axe":1},"minecraft:custom":{"minecraft:time_since_rest":0,"minecraft:sprint_one_cm":16488,"minecraft:damage_taken":315,"minecraft:walk_one_cm":13889,"minecraft:mob_kills":4,"minecraft:drop":1,"minecraft:damage_dealt":340,"minecraft:swim_one_cm":5888,"minecraft:interact_with_crafting_table":6,"minecraft:fly_one_cm":28658,"minecraft:crouch_one_cm":2198,"minecraft:play_time":10771,"minecraft:deaths":1,"minecraft:sneak_time":697,"minecraft:walk_under_water_one_cm":396,"minecraft:jump":146,"minecraft:leave_game":2,"minecraft:walk_on_water_one_cm":525,"minecraft:time_since_death":9375,"minecraft:sleep_in_bed":1,"minecraft:total_world_time":10771,"minecraft:fall_one_cm":4132},"minecraft:mined":{"minecraft:crafting_table":4,"minecraft:grass":12,"minecraft:acacia_log":10,"minecraft:grass_block":2,"minecraft:oak_log":33,"minecraft:dirt":4,"minecraft:tall_grass":1,"minecraft:stone":79,"minecraft:sugar_cane":1,"minecraft:oak_leaves":5},"minecraft:picked_up":{"minecraft:stick":5,"minecraft:crafting_table":4,"minecraft:leather":1,"minecraft:acacia_log":10,"minecraft:oak_log":32,"minecraft:dirt":6,"minecraft:wheat_seeds":1,"minecraft:beef":3,"minecraft:oak_sapling":1,"minecraft:sugar_cane":2,"minecraft:mutton":4,"minecraft:acacia_sapling":1,"minecraft:white_wool":3,"minecraft:cobblestone":79},"minecraft:killed":{"minecraft:sheep":3,"minecraft:cow":1}},"DataVersion":3465}