{"stats":{"minecraft:killed":{"minecraft:spider":8,"minecraft:skeleton":14,"minecraft:chicken":1,"minecraft:cat":1,"minecraft:piglin":2,"minecraft:iron_golem":6,"minecraft:creeper":6,"minecraft:sheep":3,"minecraft:pillager":4,"minecraft:donkey":4,"minecraft:zombie":29,"minecraft:cow":6,"minecraft:horse":4,"minecraft:bat":4,"minecraft:wandering_trader":1},"minecraft:crafted":{"minecraft:oak_planks":2400,"minecraft:chainmail_helmet":7,"minecraft:barrel":47,"minecraft:cooked_chicken":4,"minecraft:birch_slab":24,"minecraft:lever":1,"minecraft:bookshelf":6,"minecraft:cooked_mutton":8,"minecraft:suspicious_stew":7,"minecraft:diamond_helmet":3,"minecraft:diamond_leggings":3,"minecraft:iron_boots":12,"minecraft:chest":53,"minecraft:oak_button":1,"minecraft:stone_hoe":36,"minecraft:oak_fence":15,"minecraft:oak_slab":450,"minecraft:arrow":144,"minecraft:emerald":619,"minecraft:cooked_porkchop":11,"minecraft:crafting_table":3,"minecraft:wooden_pickaxe":1,"minecraft:iron_helmet":1,"minecraft:chainmail_chestplate":8,"minecraft:fletching_table":20,"farmersdelight:wheat_dough":3,"minecraft:lectern":6,"minecraft:iron_chestplate":2,"minecraft:book":21,"minecraft:paper":261,"minecraft:diamond_pickaxe":3,"minecraft:shield":4,"minecraft:stick":1464,"minecraft:iron_ingot":292,"minecraft:iron_pickaxe":25,"minecraft:stone_sword":1,"minecraft:gold_ingot":36,"minecraft:shears":1,"minecraft:golden_carrot":156,"minecraft:cookie":144,"minecraft:stone_shovel":19,"minecraft:tripwire_hook":2,"minecraft:furnace":4,"minecraft:oak_trapdoor":56,"minecraft:flint_and_steel":2,"minecraft:iron_axe":7,"minecraft:iron_hoe":2,"minecraft:stone_pickaxe":2,"minecraft:diamond_boots":1,"minecraft:birch_sign":6,"minecraft:wheat":288,"minecraft:cooked_beef":19,"minecraft:iron_sword":1,"minecraft:bucket":2,"minecraft:stone_axe":1,"minecraft:bread":932,"minecraft:air":0,"minecraft:oak_fence_gate":4,"minecraft:oak_boat":8,"minecraft:white_wool":158,"minecraft:chainmail_boots":10,"minecraft:oak_stairs":68,"minecraft:birch_trapdoor":20,"minecraft:iron_leggings":1,"minecraft:white_bed":16,"minecraft:acacia_planks":40,"minecraft:torch":128,"minecraft:diamond_chestplate":3},"minecraft:dropped":{"minecraft:iron_sword":1,"minecraft:lapis_lazuli":5,"minecraft:diamond":2,"minecraft:crafting_table":1,"minecraft:cooked_porkchop":6,"minecraft:cookie":144,"minecraft:leather":6,"minecraft:fletching_table":11,"minecraft:birch_slab":10,"minecraft:flint":8,"minecraft:dirt":15,"minecraft:cornflower":5,"farmersdelight:onion":22,"minecraft:iron_pickaxe":3,"minecraft:glistering_melon_slice":10,"minecraft:white_wool":64,"minecraft:cauldron":3,"minecraft:sugar_cane":10,"minecraft:cooked_chicken":6,"minecraft:golden_chestplate":2,"minecraft:wheat":138,"minecraft:rotten_flesh":12,"minecraft:oak_planks":55,"minecraft:cooked_mutton":4,"minecraft:azure_bluet":4,"minecraft:white_bed":6,"minecraft:carrot":2,"minecraft:chainmail_chestplate":8,"minecraft:poppy":3,"minecraft:acacia_sapling":1,"minecraft:chainmail_boots":10,"minecraft:arrow":2,"minecraft:beef":2,"minecraft:stone_hoe":1,"minecraft:water_bucket":2,"minecraft:golden_boots":1,"minecraft:bread":1159,"minecraft:oak_slab":290,"minecraft:wheat_seeds":589,"minecraft:diamond_leggings":3,"minecraft:iron_helmet":2,"minecraft:cobblestone":41,"minecraft:chainmail_helmet":7,"minecraft:stick":42,"minecraft:oxeye_daisy":9,"minecraft:diorite":4,"minecraft:golden_carrot":56,"minecraft:torch":1,"minecraft:diamond_helmet":3,"minecraft:iron_leggings":3,"minecraft:iron_axe":6,"minecraft:iron_shovel":1,"minecraft:paper":3,"minecraft:string":269,"minecraft:dandelion":24,"farmersdelight:wheat_dough":3,"minecraft:oak_trapdoor":256,"minecraft:stone_sword":2,"minecraft:stone_shovel":16,"minecraft:chicken":4,"minecraft:iron_boots":14,"minecraft:flint_and_steel":1,"minecraft:suspicious_stew":7,"minecraft:blast_furnace":1,"minecraft:shield":5,"minecraft:oak_button":1,"minecraft:allium":69,"minecraft:diamond_chestplate":3,"minecraft:diamond_pickaxe":1,"minecraft:iron_chestplate":3,"minecraft:andesite":3,"minecraft:oak_boat":9,"minecraft:oak_sapling":103,"minecraft:golden_sword":2,"minecraft:barrel":42,"minecraft:diamond_boots":1,"minecraft:bow":3,"minecraft:wooden_pickaxe":1},"minecraft:broken":{"minecraft:stone_pickaxe":2,"minecraft:diamond_pickaxe":1,"minecraft:stone_axe":1,"minecraft:stone_shovel":1,"minecraft:iron_hoe":2,"minecraft:stone_hoe":7,"minecraft:shield":1,"minecraft:iron_axe":2,"minecraft:iron_pickaxe":18},"minecraft:used":{"minecraft:oak_sign":1,"minecraft:chest":55,"minecraft:shield":57,"minecraft:iron_sword":166,"minecraft:iron_chestplate":1,"minecraft:tuff":2,"minecraft:obsidian":14,"minecraft:milk_bucket":1,"minecraft:lava_bucket":1,"minecraft:iron_helmet":1,"minecraft:birch_trapdoor":12,"minecraft:furnace":10,"minecraft:egg":15,"minecraft:diorite":8,"minecraft:diamond_boots":1,"minecraft:stone_pickaxe":261,"minecraft:oak_planks":392,"minecraft:wooden_pickaxe":15,"minecraft:sugar_cane":42,"minecraft:white_wool":142,"minecraft:shears":1,"minecraft:lever":1,"minecraft:birch_slab":5,"minecraft:string":10,"minecraft:bread":55,"minecraft:lectern":7,"minecraft:gravel":423,"minecraft:smithing_table":2,"minecraft:andesite":1,"minecraft:oak_boat":1,"minecraft:oak_fence":12,"minecraft:oak_trapdoor":189,"minecraft:stone_sword":23,"minecraft:flint_and_steel":12,"minecraft:stone_shovel":203,"minecraft:stone_hoe":2314,"minecraft:torch":27,"minecraft:dirt":4030,"minecraft:golden_chestplate":1,"minecraft:oak_fence_gate":5,"minecraft:iron_hoe":500,"minecraft:iron_axe":679,"minecraft:oak_stairs":68,"minecraft:iron_boots":1,"minecraft:barrel":102,"minecraft:tripwire_hook":2,"minecraft:golden_carrot":86,"minecraft:cooked_beef":18,"minecraft:acacia_planks":40,"minecraft:cobbled_deepslate":73,"minecraft:iron_leggings":1,"minecraft:wheat_seeds":1383,"minecraft:cooked_mutton":4,"minecraft:water_bucket":337,"minecraft:birch_planks":54,"minecraft:fletching_table":14,"minecraft:oak_slab":31,"minecraft:crafting_table":11,"minecraft:birch_sign":4,"minecraft:white_bed":32,"minecraft:smoker":1,"minecraft:oak_log":124,"minecraft:diamond_pickaxe":3379,"minecraft:apple":1,"minecraft:iron_pickaxe":4923,"minecraft:stone_axe":141,"minecraft:cobblestone":968,"minecraft:white_banner":2,"minecraft:cooked_porkchop":8,"minecraft:bucket":341,"minecraft:yellow_bed":1},"minecraft:killed_by":{"minecraft:creeper":2,"minecraft:player":1},"minecraft:custom":{"minecraft:interact_with_crafting_table":137,"minecraft:open_barrel":12,"minecraft:leave_game":5,"minecraft:time_since_death":311843,"minecraft:sprint_one_cm":2027759,"minecraft:damage_blocked_by_shield":3495,"minecraft:drop":289,"minecraft:talked_to_villager":300,"minecraft:play_time":657826,"minecraft:deaths":4,"minecraft:jump":14019,"minecraft:walk_on_water_one_cm":96469,"minecraft:interact_with_furnace":135,"minecraft:traded_with_villager":799,"minecraft:sleep_in_bed":38,"minecraft:damage_dealt":21126,"minecraft:crouch_one_cm":144328,"minecraft:interact_with_smoker":4,"minecraft:mob_kills":100,"minecraft:inspect_hopper":4,"minecraft:walk_one_cm":2387269,"minecraft:sneak_time":40427,"minecraft:walk_under_water_one_cm":101512,"minecraft:boat_one_cm":26283,"minecraft:total_world_time":657826,"minecraft:time_since_rest":21524,"minecraft:damage_taken":6153,"minecraft:swim_one_cm":71100,"minecraft:fly_one_cm":3439449,"minecraft:open_chest":517,"minecraft:fall_one_cm":290791},"minecraft:mined":{"minecraft:white_bed":21,"minecraft:oak_sapling":31,"minecraft:farmland":3,"minecraft:obsidian":28,"minecraft:acacia_log":10,"minecraft:grass_block":5010,"minecraft:composter":1,"minecraft:oak_wall_sign":1,"minecraft:oxeye_daisy":10,"minecraft:cobbled_deepslate":3,"minecraft:iron_ore":115,"minecraft:fire":1,"minecraft:barrel":77,"minecraft:fletching_table":5,"minecraft:azure_bluet":4,"minecraft:water_cauldron":5,"minecraft:dirt_path":14,"minecraft:oak_stairs":70,"minecraft:birch_wall_sign":3,"minecraft:tripwire":2,"minecraft:smoker":1,"minecraft:torch":10,"minecraft:blast_furnace":1,"minecraft:poppy":3,"minecraft:chest":10,"minecraft:cobblestone":289,"minecraft:sugar_cane":106,"minecraft:oak_planks":107,"minecraft:wall_torch":1,"minecraft:cauldron":1,"minecraft:wheat":2077,"minecraft:stripped_oak_wood":1,"minecraft:grass":1657,"minecraft:oak_log":166,"minecraft:oak_fence_gate":1,"minecraft:dirt":4089,"minecraft:netherrack":2,"minecraft:oak_leaves":5,"minecraft:deepslate":78,"minecraft:diamond_ore":1,"minecraft:mossy_cobblestone":2,"minecraft:deepslate_diamond_ore":13,"farmersdelight:wild_carrots":2,"minecraft:allium":18,"minecraft:birch_slab":5,"minecraft:hay_block":4,"farmersdelight:wild_onions":21,"minecraft:oak_trapdoor":87,"minecraft:furnace":6,"minecraft:andesite":31,"minecraft:gold_block":1,"minecraft:deepslate_iron_ore":177,"minecraft:stone":5274,"minecraft:white_wool":122,"minecraft:smithing_table":2,"minecraft:oak_slab":14,"minecraft:glass_pane":3,"minecraft:dandelion":28,"minecraft:oak_fence":3,"minecraft:crafting_table":9,"minecraft:cornflower":5,"minecraft:lectern":1,"minecraft:tall_grass":125,"minecraft:copper_ore":16,"minecraft:deepslate_gold_ore":19,"minecraft:diorite":41,"minecraft:birch_planks":30,"minecraft:yellow_bed":1,"minecraft:coal_ore":257,"minecraft:gravel":621,"minecraft:cobweb":1,"minecraft:gold_ore":8},"minecraft:picked_up":{"minecraft:iron_chestplate":3,"minecraft:wheat":1693,"minecraft:smithing_table":3,"minecraft:lead":2,"minecraft:oak_stairs":6,"minecraft:golden_sword":2,"minecraft:string":9282,"minecraft:raw_copper":57,"minecraft:iron_leggings":4,"minecraft:oak_sign":1,"minecraft:cobbled_deepslate":95,"minecraft:iron_pickaxe":4,"minecraft:furnace":6,"minecraft:iron_boots":4,"minecraft:stick":120,"minecraft:composter":1,"minecraft:oak_fence":3,"minecraft:torch":65,"minecraft:acacia_log":10,"minecraft:diorite":178,"minecraft:golden_chestplate":1,"minecraft:cauldron":3,"minecraft:stone_sword":1,"minecraft:rotten_flesh":33,"farmersdelight:onion":22,"minecraft:obsidian":42,"minecraft:cobblestone":5679,"minecraft:feather":12,"minecraft:birch_slab":15,"minecraft:water_bucket":6,"minecraft:andesite":40,"minecraft:smoker":1,"minecraft:flint":67,"minecraft:tuff":2,"minecraft:lapis_lazuli":10,"minecraft:dirt":9097,"minecraft:name_tag":1,"minecraft:bone":14,"minecraft:bow":22,"minecraft:wheat_seeds":6575,"minecraft:raw_gold":27,"minecraft:fletching_table":5,"minecraft:stone_hoe":1,"minecraft:oak_planks":235,"minecraft:cooked_porkchop":3,"minecraft:barrel":110,"minecraft:diamond":24,"minecraft:bread":230,"minecraft:oak_sapling":119,"minecraft:netherrack":48,"minecraft:diamond_pickaxe":3,"minecraft:crafting_table":9,"minecraft:allium":69,"minecraft:azure_bluet":4,"minecraft:chicken":1,"minecraft:gold_block":1,"minecraft:shield":6,"minecraft:cornflower":5,"minecraft:oak_trapdoor":466,"minecraft:iron_axe":5,"minecraft:iron_shovel":1,"minecraft:beef":11,"minecraft:oak_boat":8,"minecraft:poppy":4,"minecraft:lectern":1,"minecraft:sugar_cane":199,"minecraft:chest":22,"minecraft:egg":16,"minecraft:raw_iron":347,"minecraft:oak_door":1,"minecraft:carrot":2,"minecraft:stone_shovel":4,"minecraft:arrow":27,"minecraft:diamond_chestplate":1,"minecraft:diamond_boots":1,"minecraft:hay_block":4,"minecraft:glistering_melon_slice":10,"minecraft:gold_ingot":6,"minecraft:mutton":6,"minecraft:rail":1,"minecraft:white_wool":124,"minecraft:oxeye_daisy":10,"minecraft:golden_carrot":9,"minecraft:glow_ink_sac":2,"minecraft:leather":45,"minecraft:birch_planks":30,"minecraft:oak_log":173,"minecraft:golden_boots":1,"minecraft:yellow_bed":1,"minecraft:gunpowder":8,"minecraft:paper":6,"minecraft:white_banner":2,"minecraft:apple":10,"minecraft:oak_fence_gate":1,"minecraft:iron_ingot":19,"minecraft:cooked_chicken":2,"minecraft:stripped_oak_wood":1,"minecraft:iron_sword":3,"minecraft:acacia_sapling":1,"minecraft:oak_slab":5,"minecraft:dandelion":24,"minecraft:gravel":582,"minecraft:blast_furnace":2,"minecraft:white_bed":22,"minecraft:spider_eye":1,"minecraft:iron_helmet":3,"minecraft:birch_sign":4,"minecraft:coal":306,"minecraft:sunflower":16}},"DataVersion":3465}