{"stats":{"minecraft:dropped":{"minecraft:bread":173,"minecraft:wheat_seeds":4,"minecraft:crafting_table":1,"minecraft:cooked_porkchop":6,"minecraft:cobblestone":32,"minecraft:leather":1,"minecraft:stick":12,"minecraft:oxeye_daisy":9,"minecraft:dirt":4,"minecraft:cornflower":5,"farmersdelight:onion":14,"minecraft:glistering_melon_slice":10,"minecraft:dandelion":24,"minecraft:cauldron":3,"minecraft:sugar_cane":10,"minecraft:cooked_chicken":4,"minecraft:golden_chestplate":1,"minecraft:stone_sword":1,"minecraft:chicken":4,"minecraft:rotten_flesh":3,"minecraft:iron_boots":1,"minecraft:cooked_mutton":4,"minecraft:azure_bluet":4,"minecraft:carrot":2,"minecraft:poppy":2,"minecraft:shield":3,"minecraft:oak_button":1,"minecraft:allium":69,"minecraft:iron_chestplate":1,"minecraft:oak_boat":8,"minecraft:oak_sapling":29,"minecraft:acacia_sapling":1,"minecraft:wooden_pickaxe":1},"minecraft:used":{"minecraft:oak_trapdoor":5,"minecraft:stone_sword":23,"minecraft:stone_shovel":203,"minecraft:shield":29,"minecraft:iron_sword":19,"minecraft:stone_hoe":350,"minecraft:iron_chestplate":1,"minecraft:dirt":145,"minecraft:golden_chestplate":1,"minecraft:tuff":2,"minecraft:milk_bucket":1,"minecraft:lava_bucket":1,"minecraft:iron_axe":19,"minecraft:iron_helmet":1,"minecraft:iron_boots":1,"minecraft:furnace":7,"minecraft:egg":4,"minecraft:cooked_beef":18,"minecraft:acacia_planks":40,"minecraft:cobbled_deepslate":3,"minecraft:iron_leggings":1,"minecraft:wheat_seeds":201,"minecraft:water_bucket":37,"minecraft:stone_pickaxe":261,"minecraft:oak_planks":170,"minecraft:wooden_pickaxe":15,"minecraft:sugar_cane":27,"minecraft:crafting_table":7,"minecraft:white_bed":6,"minecraft:apple":1,"minecraft:bread":19,"minecraft:string":1,"minecraft:iron_pickaxe":347,"minecraft:stone_axe":141,"minecraft:cobblestone":190,"minecraft:white_banner":1,"minecraft:cooked_porkchop":8,"minecraft:bucket":39,"minecraft:yellow_bed":1,"minecraft:oak_boat":1},"minecraft:killed_by":{"minecraft:creeper":1},"minecraft:crafted":{"minecraft:oak_planks":280,"minecraft:stone_shovel":6,"minecraft:cooked_chicken":4,"minecraft:furnace":3,"minecraft:cooked_mutton":4,"minecraft:iron_boots":2,"minecraft:iron_axe":1,"minecraft:stone_pickaxe":2,"minecraft:oak_button":1,"minecraft:stone_hoe":3,"minecraft:wheat":288,"minecraft:cooked_beef":19,"minecraft:cooked_porkchop":11,"minecraft:crafting_table":1,"minecraft:wooden_pickaxe":1,"minecraft:iron_helmet":1,"minecraft:iron_sword":1,"minecraft:bucket":1,"minecraft:stone_axe":1,"minecraft:bread":96,"minecraft:air":0,"minecraft:oak_boat":8,"minecraft:iron_chestplate":2,"minecraft:diamond_pickaxe":1,"minecraft:shield":3,"minecraft:stick":40,"minecraft:iron_ingot":70,"minecraft:iron_pickaxe":2,"minecraft:stone_sword":1,"minecraft:gold_ingot":9,"minecraft:iron_leggings":1,"minecraft:white_bed":1,"minecraft:acacia_planks":40},"minecraft:broken":{"minecraft:stone_hoe":2,"minecraft:stone_pickaxe":2,"minecraft:stone_axe":1,"minecraft:iron_pickaxe":1,"minecraft:stone_shovel":1},"minecraft:custom":{"minecraft:mob_kills":35,"minecraft:interact_with_crafting_table":44,"minecraft:leave_game":2,"minecraft:time_since_death":111375,"minecraft:sprint_one_cm":412984,"minecraft:walk_one_cm":324972,"minecraft:damage_blocked_by_shield":1545,"minecraft:drop":79,"minecraft:talked_to_villager":13,"minecraft:play_time":112771,"minecraft:sneak_time":6699,"minecraft:deaths":1,"minecraft:walk_under_water_one_cm":5222,"minecraft:boat_one_cm":26267,"minecraft:jump":2887,"minecraft:walk_on_water_one_cm":13987,"minecraft:total_world_time":112771,"minecraft:interact_with_furnace":92,"minecraft:sleep_in_bed":5,"minecraft:time_since_rest":26435,"minecraft:damage_taken":2383,"minecraft:damage_dealt":5129,"minecraft:swim_one_cm":12381,"minecraft:fly_one_cm":665255,"minecraft:open_chest":50,"minecraft:crouch_one_cm":30316,"minecraft:interact_with_smoker":1,"minecraft:fall_one_cm":96726},"minecraft:killed":{"minecraft:skeleton":7,"minecraft:cat":1,"minecraft:iron_golem":1,"minecraft:bat":4,"minecraft:creeper":1,"minecraft:sheep":3,"minecraft:pillager":1,"minecraft:zombie":11,"minecraft:cow":5},"minecraft:mined":{"minecraft:white_bed":5,"minecraft:oak_sapling":31,"minecraft:deepslate_diamond_ore":7,"farmersdelight:wild_carrots":2,"minecraft:acacia_log":10,"minecraft:allium":18,"minecraft:grass_block":191,"minecraft:oxeye_daisy":10,"minecraft:hay_block":4,"farmersdelight:wild_onions":21,"minecraft:oak_trapdoor":12,"minecraft:furnace":4,"minecraft:iron_ore":68,"minecraft:andesite":26,"minecraft:azure_bluet":4,"minecraft:gold_block":1,"minecraft:dirt_path":14,"minecraft:deepslate_iron_ore":24,"minecraft:water_cauldron":3,"minecraft:stone":361,"minecraft:dandelion":28,"minecraft:cornflower":5,"minecraft:crafting_table":7,"minecraft:poppy":3,"minecraft:tall_grass":125,"minecraft:cobblestone":34,"minecraft:sugar_cane":25,"minecraft:diorite":7,"minecraft:yellow_bed":1,"minecraft:grass":1587,"minecraft:coal_ore":83,"minecraft:oak_log":63,"minecraft:dirt":9,"minecraft:oak_leaves":5,"minecraft:deepslate":4},"minecraft:picked_up":{"minecraft:crafting_table":7,"minecraft:allium":69,"minecraft:azure_bluet":4,"minecraft:gold_block":1,"minecraft:shield":1,"minecraft:cornflower":5,"minecraft:oak_trapdoor":5,"minecraft:string":2,"minecraft:cobbled_deepslate":4,"minecraft:beef":9,"minecraft:oak_boat":6,"minecraft:poppy":3,"minecraft:sugar_cane":37,"minecraft:egg":4,"minecraft:furnace":4,"minecraft:raw_iron":92,"minecraft:stick":9,"minecraft:acacia_log":10,"minecraft:diorite":136,"minecraft:carrot":2,"minecraft:cauldron":3,"minecraft:arrow":8,"minecraft:rotten_flesh":10,"farmersdelight:onion":22,"minecraft:hay_block":4,"minecraft:glistering_melon_slice":10,"minecraft:mutton":6,"minecraft:cobblestone":445,"minecraft:white_wool":3,"minecraft:oxeye_daisy":10,"minecraft:glow_ink_sac":1,"minecraft:andesite":26,"minecraft:leather":5,"minecraft:tuff":2,"minecraft:oak_log":62,"minecraft:yellow_bed":1,"minecraft:gunpowder":2,"minecraft:dirt":213,"minecraft:white_banner":1,"minecraft:bone":5,"minecraft:apple":1,"minecraft:wheat_seeds":206,"minecraft:oak_planks":72,"minecraft:acacia_sapling":1,"minecraft:cooked_porkchop":3,"minecraft:dandelion":24,"minecraft:white_bed":5,"minecraft:diamond":7,"minecraft:bread":48,"minecraft:oak_sapling":32,"minecraft:coal":114}},"DataVersion":3465}