{"stats":{"minecraft:mined":{"minecraft:oak_sapling":31,"minecraft:white_bed":50,"minecraft:farmland":3,"minecraft:obsidian":28,"minecraft:granite":38,"minecraft:grass_block":5027,"minecraft:crimson_trapdoor":1,"minecraft:acacia_log":10,"minecraft:deepslate_bricks":42,"minecraft:composter":1,"minecraft:oxeye_daisy":10,"minecraft:oak_wall_sign":1,"minecraft:nether_wart":20,"minecraft:spawner":2,"minecraft:polished_blackstone_bricks":3,"minecraft:raw_iron_block":2,"minecraft:iron_ore":148,"minecraft:barrel":77,"minecraft:fire":2,"minecraft:cobbled_deepslate":13,"minecraft:deepslate_lapis_ore":9,"minecraft:fletching_table":5,"minecraft:azure_bluet":4,"minecraft:water_cauldron":5,"minecraft:dirt_path":14,"minecraft:oak_stairs":72,"minecraft:birch_wall_sign":3,"minecraft:tripwire":5,"minecraft:deepslate_redstone_ore":75,"minecraft:smoker":1,"minecraft:torch":27,"minecraft:blast_furnace":1,"minecraft:poppy":3,"minecraft:chest":28,"minecraft:glass":1,"minecraft:nether_quartz_ore":118,"minecraft:cobblestone":315,"minecraft:oak_planks":120,"minecraft:sugar_cane":302,"minecraft:wall_torch":1,"minecraft:cauldron":1,"minecraft:nether_wart_block":470,"minecraft:wheat":2272,"minecraft:stripped_oak_wood":1,"minecraft:grass":1706,"minecraft:oak_log":169,"minecraft:oak_fence_gate":5,"minecraft:sand":1911,"minecraft:dirt":4222,"minecraft:netherrack":151,"minecraft:oak_leaves":5,"minecraft:deepslate":7136,"minecraft:deepslate_tiles":124,"minecraft:diamond_ore":1,"minecraft:tuff":149,"minecraft:mossy_cobblestone":2,"minecraft:deepslate_diamond_ore":58,"farmersdelight:wild_carrots":2,"minecraft:crimson_fence_gate":1,"minecraft:nether_bricks":8,"minecraft:allium":18,"minecraft:crimson_roots":1,"minecraft:birch_slab":5,"minecraft:kelp":1,"minecraft:crimson_stem":149,"minecraft:hay_block":4,"farmersdelight:wild_onions":21,"minecraft:redstone_ore":4,"minecraft:oak_trapdoor":87,"minecraft:furnace":13,"minecraft:andesite":114,"minecraft:gold_block":17,"minecraft:nether_brick_fence":4,"minecraft:bookshelf":41,"minecraft:cobblestone_slab":34,"minecraft:shroomlight":13,"minecraft:deepslate_iron_ore":345,"minecraft:rail":1,"minecraft:lantern":1,"minecraft:packed_ice":466,"minecraft:stone":6029,"minecraft:white_wool":131,"minecraft:smithing_table":2,"minecraft:oak_slab":14,"minecraft:glass_pane":3,"minecraft:soul_sand":20,"minecraft:dandelion":28,"minecraft:oak_fence":7,"minecraft:crafting_table":11,"minecraft:cornflower":5,"minecraft:lectern":1,"minecraft:copper_ore":17,"minecraft:tall_grass":147,"minecraft:lapis_ore":1,"minecraft:deepslate_gold_ore":71,"minecraft:polished_blackstone_brick_stairs":1,"minecraft:diorite":51,"minecraft:birch_planks":30,"minecraft:cobblestone_wall":3,"minecraft:yellow_bed":1,"minecraft:coal_ore":320,"minecraft:sunflower":5,"minecraft:gravel":1106,"minecraft:cobweb":1,"minecraft:gold_ore":8},"minecraft:crafted":{"minecraft:grindstone":1,"minecraft:oak_planks":2932,"minecraft:chainmail_helmet":7,"minecraft:cobblestone_slab":384,"minecraft:barrel":47,"minecraft:blaze_powder":52,"minecraft:cooked_chicken":4,"minecraft:birch_slab":24,"minecraft:stone":3,"minecraft:lever":1,"minecraft:bookshelf":35,"minecraft:cooked_mutton":8,"minecraft:suspicious_stew":7,"minecraft:glass":2338,"minecraft:hopper":30,"minecraft:diamond_helmet":3,"minecraft:diamond_leggings":3,"minecraft:bow":1,"minecraft:iron_boots":12,"minecraft:chest":53,"minecraft:oak_button":1,"minecraft:stone_hoe":36,"minecraft:ender_eye":7,"minecraft:oak_fence":15,"minecraft:oak_slab":642,"minecraft:arrow":144,"minecraft:emerald":2592,"minecraft:cooked_porkchop":11,"minecraft:diamond_axe":1,"minecraft:crafting_table":3,"minecraft:wooden_pickaxe":1,"minecraft:iron_helmet":1,"minecraft:chainmail_chestplate":8,"minecraft:gold_block":9,"minecraft:fletching_table":20,"farmersdelight:wheat_dough":3,"minecraft:lectern":6,"minecraft:iron_chestplate":2,"minecraft:book":21,"minecraft:paper":633,"minecraft:diamond_pickaxe":4,"minecraft:emerald_block":14,"minecraft:shield":4,"minecraft:stick":2676,"minecraft:stone_slab":6,"minecraft:iron_ingot":820,"minecraft:iron_pickaxe":25,"minecraft:iron_block":33,"minecraft:stone_sword":1,"minecraft:gold_ingot":87,"minecraft:deepslate_bricks":5568,"minecraft:shears":1,"minecraft:golden_carrot":267,"minecraft:cookie":144,"minecraft:stone_shovel":19,"minecraft:raw_iron":9,"minecraft:coal":54,"minecraft:tripwire_hook":2,"minecraft:crimson_trapdoor":20,"minecraft:crimson_fence_gate":271,"minecraft:furnace":11,"minecraft:oak_trapdoor":56,"minecraft:diamond_block":5,"minecraft:glass_pane":112,"minecraft:flint_and_steel":2,"minecraft:lantern":36,"minecraft:polished_deepslate":5704,"minecraft:iron_axe":9,"minecraft:iron_hoe":2,"minecraft:stone_pickaxe":2,"minecraft:cobblestone_wall":2424,"minecraft:diamond_boots":1,"minecraft:redstone_block":32,"minecraft:birch_sign":6,"minecraft:wheat":288,"minecraft:cooked_beef":19,"minecraft:coal_block":6,"minecraft:crimson_planks":904,"minecraft:diamond_sword":1,"minecraft:iron_sword":1,"minecraft:bucket":8,"minecraft:stone_axe":1,"minecraft:deepslate_tiles":816,"minecraft:enchanted_book":30,"minecraft:bread":997,"minecraft:air":0,"minecraft:oak_fence_gate":4,"minecraft:oak_boat":9,"minecraft:white_wool":467,"minecraft:chainmail_boots":10,"minecraft:oak_stairs":68,"minecraft:birch_trapdoor":20,"minecraft:iron_leggings":1,"minecraft:deepslate_tile_stairs":76,"minecraft:anvil":3,"minecraft:white_bed":76,"minecraft:acacia_planks":40,"minecraft:torch":372,"minecraft:lapis_block":4,"minecraft:diamond_chestplate":3},"minecraft:killed":{"minecraft:zombified_piglin":7,"minecraft:witch":1,"minecraft:spider":21,"minecraft:cod":2,"minecraft:skeleton":38,"minecraft:chicken":1,"minecraft:piglin_brute":2,"minecraft:cat":1,"minecraft:piglin":9,"minecraft:pig":2,"minecraft:salmon":4,"minecraft:iron_golem":11,"minecraft:creeper":27,"minecraft:sheep":3,"minecraft:trader_llama":2,"minecraft:pillager":9,"minecraft:donkey":4,"minecraft:zombie":54,"minecraft:blaze":12,"minecraft:cow":17,"minecraft:horse":9,"minecraft:bat":5,"minecraft:wandering_trader":2,"minecraft:hoglin":4,"minecraft:wither_skeleton":18,"minecraft:player":1,"minecraft:enderman":6},"minecraft:picked_up":{"minecraft:iron_chestplate":3,"minecraft:wheat":1888,"minecraft:nether_brick_fence":4,"minecraft:smithing_table":3,"minecraft:lead":2,"minecraft:oak_stairs":8,"minecraft:enchanted_book":1,"minecraft:golden_sword":3,"minecraft:polished_deepslate":154,"minecraft:polished_blackstone_brick_stairs":1,"minecraft:string":36830,"minecraft:raw_copper":65,"minecraft:deepslate_lapis_ore":4,"minecraft:iron_leggings":4,"minecraft:shroomlight":13,"minecraft:oak_sign":3,"minecraft:deepslate_tiles":124,"minecraft:gold_nugget":16,"minecraft:cobbled_deepslate":6024,"minecraft:cobblestone_slab":35,"minecraft:iron_pickaxe":4,"minecraft:deepslate_iron_ore":52,"minecraft:iron_boots":4,"minecraft:furnace":13,"minecraft:golden_helmet":1,"minecraft:stick":120,"minecraft:composter":1,"minecraft:oak_fence":7,"minecraft:torch":99,"minecraft:acacia_log":10,"minecraft:porkchop":3,"minecraft:diorite":188,"minecraft:golden_chestplate":1,"minecraft:cauldron":3,"minecraft:stone_sword":3,"minecraft:rotten_flesh":76,"farmersdelight:onion":22,"minecraft:bookshelf":12,"minecraft:blaze_rod":26,"minecraft:obsidian":42,"minecraft:cod":2,"minecraft:cobblestone":6067,"minecraft:pink_petals":9,"minecraft:feather":12,"minecraft:cooked_beef":5,"farmersdelight:rice":4,"minecraft:water_bucket":7,"minecraft:birch_slab":15,"minecraft:andesite":151,"minecraft:smoker":1,"minecraft:flint":453,"minecraft:tuff":136,"minecraft:lapis_lazuli":110,"minecraft:dirt":9583,"minecraft:lantern":25,"minecraft:name_tag":1,"minecraft:glass":60,"minecraft:bone":62,"minecraft:bow":24,"minecraft:crimson_fence_gate":1,"minecraft:wheat_seeds":7112,"minecraft:raw_gold":104,"minecraft:fletching_table":5,"minecraft:oak_planks":678,"minecraft:stone_hoe":1,"minecraft:cooked_porkchop":7,"minecraft:sand":2019,"minecraft:barrel":110,"minecraft:deepslate":810,"minecraft:diamond":79,"minecraft:deepslate_gold_ore":16,"minecraft:crossbow":2,"minecraft:granite":22,"minecraft:bread":230,"minecraft:oak_sapling":119,"minecraft:netherrack":193,"minecraft:crimson_roots":1,"minecraft:diamond_pickaxe":3,"minecraft:crafting_table":11,"minecraft:allium":69,"minecraft:azure_bluet":4,"minecraft:chicken":1,"minecraft:nether_wart":20,"minecraft:packed_ice":465,"minecraft:gold_block":17,"minecraft:crimson_trapdoor":1,"minecraft:shield":6,"minecraft:cornflower":5,"minecraft:oak_trapdoor":466,"minecraft:iron_axe":7,"minecraft:iron_shovel":1,"minecraft:deepslate_diamond_ore":17,"minecraft:beef":24,"farmersdelight:straw":1,"minecraft:oak_boat":10,"minecraft:poppy":7,"minecraft:lectern":1,"minecraft:sugar_cane":558,"minecraft:chest":40,"minecraft:egg":19,"minecraft:raw_iron":677,"minecraft:stone":529,"minecraft:oak_door":1,"minecraft:carrot":3,"minecraft:redstone":288,"minecraft:arrow":52,"minecraft:weeping_vines":6,"minecraft:stone_shovel":4,"minecraft:diamond_chestplate":1,"minecraft:nether_bricks":8,"minecraft:deepslate_bricks":37,"minecraft:diamond_boots":1,"minecraft:hay_block":4,"minecraft:gold_ingot":7,"minecraft:glistering_melon_slice":10,"minecraft:mutton":6,"minecraft:rail":2,"minecraft:white_wool":133,"minecraft:oxeye_daisy":10,"minecraft:golden_carrot":61,"minecraft:glow_ink_sac":5,"minecraft:crimson_stem":147,"minecraft:salmon":4,"minecraft:leather":57,"minecraft:birch_planks":30,"minecraft:oak_log":176,"minecraft:cobblestone_wall":1,"minecraft:golden_boots":1,"minecraft:yellow_bed":1,"minecraft:nether_wart_block":650,"minecraft:gunpowder":45,"minecraft:paper":6,"minecraft:white_banner":3,"minecraft:apple":10,"minecraft:heart_of_the_sea":1,"minecraft:iron_ingot":51,"minecraft:oak_fence_gate":5,"minecraft:cooked_chicken":2,"minecraft:iron_ore":3,"minecraft:stripped_oak_wood":1,"minecraft:iron_sword":3,"minecraft:acacia_sapling":1,"minecraft:soul_sand":20,"minecraft:book":88,"minecraft:oak_slab":133,"minecraft:warped_fungus":2,"minecraft:nether_quartz_ore":118,"minecraft:dandelion":24,"minecraft:raw_iron_block":2,"minecraft:gravel":681,"minecraft:blast_furnace":2,"minecraft:white_bed":51,"minecraft:spider_eye":5,"minecraft:iron_helmet":3,"minecraft:deepslate_redstone_ore":32,"minecraft:birch_sign":4,"minecraft:warped_roots":1,"minecraft:warped_nylium":1,"minecraft:coal":567,"minecraft:sunflower":18,"minecraft:ender_pearl":11},"minecraft:used":{"minecraft:oak_sign":1,"minecraft:shield":57,"minecraft:chest":77,"minecraft:nether_wart":20,"minecraft:iron_sword":182,"minecraft:stone":59,"minecraft:iron_chestplate":1,"minecraft:soul_sand":20,"minecraft:obsidian":33,"minecraft:tuff":5,"minecraft:milk_bucket":1,"minecraft:glass":897,"minecraft:packed_ice":116,"minecraft:lava_bucket":10,"minecraft:lantern":9,"minecraft:iron_helmet":1,"minecraft:deepslate_diamond_ore":17,"minecraft:birch_trapdoor":12,"minecraft:furnace":17,"minecraft:egg":18,"minecraft:diorite":8,"minecraft:diamond_boots":1,"minecraft:oak_planks":412,"minecraft:stone_pickaxe":261,"minecraft:ender_pearl":1,"minecraft:wooden_pickaxe":15,"minecraft:composter":1,"minecraft:sugar_cane":114,"minecraft:diamond_axe":692,"minecraft:white_wool":277,"minecraft:sand":7,"minecraft:deepslate_redstone_ore":32,"minecraft:crossbow":2,"minecraft:deepslate_lapis_ore":4,"minecraft:shears":1,"minecraft:crimson_fence_gate":14,"minecraft:deepslate_tiles":387,"minecraft:lever":1,"minecraft:birch_slab":5,"minecraft:string":14,"minecraft:deepslate_iron_ore":52,"minecraft:bread":55,"minecraft:lectern":7,"minecraft:deepslate":809,"minecraft:gravel":423,"minecraft:nether_wart_block":323,"minecraft:diamond_sword":448,"minecraft:grindstone":1,"minecraft:smithing_table":2,"minecraft:andesite":12,"minecraft:oak_boat":3,"minecraft:oak_fence":16,"minecraft:oak_trapdoor":189,"minecraft:stone_sword":23,"minecraft:flint_and_steel":15,"minecraft:stone_shovel":203,"minecraft:deepslate_gold_ore":10,"minecraft:stone_hoe":2314,"minecraft:netherrack":62,"minecraft:torch":65,"minecraft:dirt":4457,"minecraft:anvil":3,"minecraft:cobblestone_wall":199,"minecraft:raw_iron_block":1,"minecraft:golden_chestplate":1,"minecraft:granite":3,"minecraft:oak_fence_gate":9,"minecraft:iron_hoe":500,"minecraft:bookshelf":41,"minecraft:iron_axe":715,"minecraft:oak_stairs":68,"minecraft:iron_boots":1,"minecraft:crimson_planks":109,"minecraft:barrel":102,"minecraft:diamond_chestplate":1,"minecraft:tripwire_hook":2,"minecraft:golden_carrot":206,"minecraft:deepslate_tile_stairs":48,"minecraft:cooked_beef":23,"minecraft:cobbled_deepslate":256,"minecraft:acacia_planks":40,"minecraft:iron_leggings":1,"minecraft:wheat_seeds":1383,"minecraft:cooked_mutton":4,"minecraft:water_bucket":782,"minecraft:iron_ore":3,"minecraft:birch_planks":54,"farmersdelight:golden_knife":8,"minecraft:fletching_table":14,"minecraft:cobblestone_slab":163,"minecraft:deepslate_bricks":1114,"minecraft:crimson_trapdoor":5,"minecraft:crafting_table":11,"minecraft:white_bed":74,"minecraft:birch_sign":4,"minecraft:oak_slab":31,"minecraft:smoker":1,"minecraft:oak_log":124,"minecraft:diamond_pickaxe":12950,"minecraft:apple":1,"minecraft:iron_pickaxe":5338,"minecraft:stone_axe":141,"minecraft:cobblestone":1192,"minecraft:porkchop":3,"minecraft:white_banner":3,"minecraft:cooked_porkchop":9,"minecraft:bucket":799,"minecraft:glass_pane":4,"minecraft:yellow_bed":1},"minecraft:custom":{"minecraft:interact_with_crafting_table":191,"minecraft:open_barrel":22,"minecraft:leave_game":15,"minecraft:time_since_death":1047641,"minecraft:sprint_one_cm":3641879,"minecraft:damage_blocked_by_shield":3495,"minecraft:drop":606,"minecraft:talked_to_villager":811,"minecraft:play_time":1393624,"minecraft:deaths":4,"minecraft:jump":27433,"minecraft:walk_on_water_one_cm":237928,"minecraft:interact_with_furnace":210,"minecraft:traded_with_villager":3435,"minecraft:sleep_in_bed":72,"minecraft:damage_dealt":62379,"minecraft:player_kills":1,"minecraft:crouch_one_cm":306476,"minecraft:interact_with_smoker":6,"minecraft:interact_with_smithing_table":1,"minecraft:interact_with_anvil":21,"minecraft:mob_kills":290,"minecraft:inspect_hopper":17,"minecraft:climb_one_cm":632,"minecraft:walk_one_cm":3955539,"minecraft:sneak_time":80963,"minecraft:walk_under_water_one_cm":326389,"minecraft:boat_one_cm":302945,"minecraft:interact_with_blast_furnace":1,"minecraft:total_world_time":1393624,"minecraft:interact_with_grindstone":2,"minecraft:time_since_rest":4153,"minecraft:damage_taken":10399,"minecraft:swim_one_cm":297677,"minecraft:fly_one_cm":7077269,"minecraft:open_chest":958,"minecraft:fall_one_cm":591284},"minecraft:killed_by":{"minecraft:creeper":2,"minecraft:player":1},"minecraft:dropped":{"minecraft:iron_sword":1,"minecraft:birch_planks":2,"minecraft:lapis_lazuli":5,"minecraft:warped_fungus":2,"minecraft:oak_log":58,"minecraft:glow_ink_sac":3,"minecraft:diamond":2,"minecraft:crafting_table":3,"minecraft:cooked_porkchop":9,"minecraft:weeping_vines":6,"minecraft:cookie":144,"minecraft:warped_roots":1,"minecraft:lantern":52,"minecraft:leather":6,"minecraft:fletching_table":11,"minecraft:rail":1,"minecraft:birch_slab":10,"farmersdelight:rice":8,"minecraft:flint":394,"minecraft:dirt":504,"minecraft:polished_blackstone_brick_stairs":1,"minecraft:cornflower":5,"minecraft:crimson_roots":1,"farmersdelight:onion":22,"minecraft:gold_nugget":16,"minecraft:sunflower":2,"minecraft:sand":1640,"minecraft:glistering_melon_slice":10,"minecraft:iron_pickaxe":3,"minecraft:white_wool":66,"minecraft:cauldron":3,"minecraft:bone":42,"minecraft:gravel":99,"minecraft:sugar_cane":12,"minecraft:cooked_chicken":6,"minecraft:golden_chestplate":2,"minecraft:cobbled_deepslate":65,"minecraft:wheat":138,"minecraft:obsidian":6,"minecraft:rotten_flesh":54,"minecraft:oak_planks":527,"minecraft:cooked_mutton":4,"minecraft:nether_brick_fence":4,"minecraft:azure_bluet":4,"minecraft:white_bed":6,"minecraft:carrot":3,"minecraft:chainmail_chestplate":8,"minecraft:poppy":6,"minecraft:deepslate_tiles":437,"minecraft:gunpowder":29,"minecraft:acacia_sapling":1,"minecraft:chainmail_boots":10,"farmersdelight:rope":1,"minecraft:arrow":43,"minecraft:beef":15,"minecraft:netherrack":69,"minecraft:stone_hoe":1,"minecraft:water_bucket":2,"minecraft:enchanted_book":1,"minecraft:golden_boots":1,"minecraft:iron_ingot":3,"minecraft:bread":1224,"minecraft:oak_slab":610,"minecraft:wheat_seeds":1126,"minecraft:golden_helmet":1,"minecraft:tnt":2,"minecraft:diamond_leggings":3,"minecraft:iron_helmet":2,"minecraft:cobblestone":296,"minecraft:book":17,"minecraft:granite":19,"minecraft:chainmail_helmet":7,"minecraft:coal":123,"minecraft:stick":105,"minecraft:oxeye_daisy":9,"farmersdelight:golden_knife":1,"minecraft:diorite":14,"minecraft:golden_carrot":56,"minecraft:torch":1,"minecraft:nether_wart_block":371,"minecraft:diamond_helmet":3,"minecraft:potion":1,"minecraft:iron_leggings":4,"minecraft:oak_stairs":2,"minecraft:heart_of_the_sea":2,"minecraft:iron_axe":9,"minecraft:iron_shovel":1,"minecraft:paper":44,"minecraft:string":524,"minecraft:pink_petals":9,"minecraft:dandelion":24,"minecraft:polished_deepslate":290,"farmersdelight:wheat_dough":3,"minecraft:furnace":7,"minecraft:warped_nylium":1,"minecraft:oak_trapdoor":256,"minecraft:stone_sword":4,"minecraft:cobblestone_wall":1400,"minecraft:raw_copper":8,"minecraft:deepslate":1,"minecraft:tuff":131,"minecraft:stone_shovel":16,"minecraft:chicken":4,"minecraft:iron_boots":14,"minecraft:stone_slab":5,"farmersdelight:straw":1,"minecraft:nether_bricks":8,"minecraft:oak_sign":2,"minecraft:flint_and_steel":1,"minecraft:suspicious_stew":7,"minecraft:blast_furnace":1,"minecraft:filled_map":1,"minecraft:stone":470,"minecraft:shield":5,"minecraft:oak_button":1,"minecraft:allium":69,"minecraft:diamond_chestplate":3,"minecraft:piglin_banner_pattern":1,"minecraft:diamond_pickaxe":1,"minecraft:iron_chestplate":3,"minecraft:andesite":103,"minecraft:oak_boat":10,"minecraft:oak_sapling":103,"minecraft:golden_sword":3,"minecraft:barrel":42,"minecraft:spider_eye":4,"minecraft:diamond_boots":1,"minecraft:bow":4,"minecraft:wooden_pickaxe":1},"minecraft:broken":{"minecraft:stone_pickaxe":2,"minecraft:diamond_pickaxe":1,"minecraft:stone_axe":1,"minecraft:stone_shovel":1,"minecraft:iron_hoe":2,"minecraft:stone_hoe":7,"minecraft:shield":1,"minecraft:iron_axe":2,"minecraft:iron_pickaxe":20}},"DataVersion":3465}