{"stats":{"minecraft:broken":{"minecraft:stone_hoe":2,"minecraft:stone_pickaxe":2,"minecraft:stone_axe":1,"minecraft:iron_pickaxe":3,"minecraft:stone_shovel":1},"minecraft:custom":{"minecraft:mob_kills":52,"minecraft:inspect_hopper":2,"minecraft:interact_with_crafting_table":62,"minecraft:open_barrel":2,"minecraft:leave_game":3,"minecraft:time_since_death":125445,"minecraft:sprint_one_cm":805591,"minecraft:walk_one_cm":753872,"minecraft:damage_blocked_by_shield":1695,"minecraft:drop":218,"minecraft:talked_to_villager":87,"minecraft:play_time":254605,"minecraft:sneak_time":15409,"minecraft:deaths":3,"minecraft:walk_under_water_one_cm":27855,"minecraft:boat_one_cm":26267,"minecraft:jump":6041,"minecraft:walk_on_water_one_cm":44578,"minecraft:total_world_time":254605,"minecraft:interact_with_furnace":104,"minecraft:traded_with_villager":520,"minecraft:sleep_in_bed":13,"minecraft:time_since_rest":20045,"minecraft:damage_taken":4211,"minecraft:damage_dealt":10177,"minecraft:swim_one_cm":24369,"minecraft:fly_one_cm":1400635,"minecraft:open_chest":199,"minecraft:crouch_one_cm":60097,"minecraft:interact_with_smoker":1,"minecraft:fall_one_cm":166129},"minecraft:killed_by":{"minecraft:player":1,"minecraft:creeper":1},"minecraft:mined":{"minecraft:diamond_ore":1,"minecraft:white_bed":5,"minecraft:oak_sapling":31,"minecraft:farmland":3,"minecraft:deepslate_diamond_ore":8,"farmersdelight:wild_carrots":2,"minecraft:allium":18,"minecraft:acacia_log":10,"minecraft:grass_block":2994,"minecraft:oxeye_daisy":10,"minecraft:oak_wall_sign":1,"minecraft:hay_block":4,"farmersdelight:wild_onions":21,"minecraft:oak_trapdoor":13,"minecraft:furnace":4,"minecraft:iron_ore":71,"minecraft:andesite":30,"minecraft:fletching_table":2,"minecraft:gold_block":1,"minecraft:azure_bluet":4,"minecraft:dirt_path":14,"minecraft:deepslate_iron_ore":32,"minecraft:water_cauldron":5,"minecraft:stone":1978,"minecraft:oak_slab":2,"minecraft:dandelion":28,"minecraft:oak_fence":3,"minecraft:cornflower":5,"minecraft:crafting_table":7,"minecraft:poppy":3,"minecraft:chest":8,"minecraft:tall_grass":125,"minecraft:cobblestone":78,"minecraft:wall_torch":1,"minecraft:diorite":40,"minecraft:oak_planks":27,"minecraft:sugar_cane":25,"minecraft:cauldron":1,"minecraft:wheat":351,"minecraft:stripped_oak_wood":1,"minecraft:yellow_bed":1,"minecraft:grass":1601,"minecraft:coal_ore":123,"minecraft:oak_log":93,"minecraft:gravel":352,"minecraft:dirt":2463,"minecraft:cobweb":1,"minecraft:oak_leaves":5,"minecraft:deepslate":8},"minecraft:picked_up":{"minecraft:iron_chestplate":3,"minecraft:crafting_table":7,"minecraft:allium":69,"minecraft:wheat":202,"minecraft:azure_bluet":4,"minecraft:gold_block":1,"minecraft:shield":4,"minecraft:golden_sword":2,"minecraft:cornflower":5,"minecraft:string":6057,"minecraft:oak_trapdoor":7,"minecraft:iron_axe":2,"minecraft:iron_leggings":4,"minecraft:iron_shovel":1,"minecraft:oak_sign":1,"minecraft:cobbled_deepslate":9,"minecraft:beef":9,"minecraft:oak_boat":8,"minecraft:poppy":4,"minecraft:iron_pickaxe":2,"minecraft:sugar_cane":37,"minecraft:chest":20,"minecraft:iron_boots":4,"minecraft:furnace":4,"minecraft:egg":7,"minecraft:raw_iron":104,"minecraft:stick":33,"minecraft:oak_fence":3,"minecraft:torch":50,"minecraft:acacia_log":10,"minecraft:diorite":177,"minecraft:carrot":2,"minecraft:golden_chestplate":1,"minecraft:cauldron":3,"minecraft:stone_sword":1,"minecraft:arrow":12,"minecraft:stone_shovel":2,"minecraft:rotten_flesh":22,"farmersdelight:onion":22,"minecraft:hay_block":4,"minecraft:gold_ingot":6,"minecraft:glistering_melon_slice":10,"minecraft:mutton":6,"minecraft:white_wool":3,"minecraft:cobblestone":2095,"minecraft:oxeye_daisy":10,"minecraft:feather":12,"minecraft:glow_ink_sac":1,"minecraft:water_bucket":2,"minecraft:andesite":37,"minecraft:leather":24,"minecraft:flint":38,"minecraft:tuff":2,"minecraft:oak_log":93,"minecraft:golden_boots":1,"minecraft:yellow_bed":1,"minecraft:gunpowder":3,"minecraft:lapis_lazuli":10,"minecraft:dirt":5361,"minecraft:paper":6,"minecraft:white_banner":1,"minecraft:bone":7,"minecraft:apple":2,"minecraft:bow":2,"minecraft:wheat_seeds":799,"minecraft:iron_ingot":13,"minecraft:cooked_chicken":2,"minecraft:stripped_oak_wood":1,"minecraft:fletching_table":2,"minecraft:oak_planks":178,"minecraft:stone_hoe":1,"minecraft:iron_sword":2,"minecraft:acacia_sapling":1,"minecraft:oak_slab":2,"minecraft:cooked_porkchop":3,"minecraft:dandelion":24,"minecraft:gravel":320,"minecraft:spider_eye":1,"minecraft:white_bed":5,"minecraft:barrel":33,"minecraft:diamond":19,"minecraft:iron_helmet":3,"minecraft:bread":230,"minecraft:oak_sapling":51,"minecraft:coal":154,"minecraft:diamond_pickaxe":2},"minecraft:dropped":{"minecraft:golden_boots":1,"minecraft:stone_hoe":1,"minecraft:bread":643,"minecraft:oak_slab":290,"minecraft:wheat_seeds":557,"minecraft:lapis_lazuli":5,"minecraft:diamond":2,"minecraft:crafting_table":1,"minecraft:cooked_porkchop":6,"minecraft:diamond_leggings":2,"minecraft:iron_helmet":2,"minecraft:cookie":144,"minecraft:cobblestone":41,"minecraft:leather":6,"minecraft:fletching_table":11,"minecraft:chainmail_helmet":7,"minecraft:flint":6,"minecraft:stick":22,"minecraft:oxeye_daisy":9,"minecraft:dirt":11,"minecraft:diorite":4,"minecraft:golden_carrot":31,"minecraft:cornflower":5,"minecraft:diamond_helmet":2,"minecraft:iron_leggings":3,"farmersdelight:onion":22,"minecraft:glistering_melon_slice":10,"minecraft:paper":3,"minecraft:iron_shovel":1,"minecraft:string":269,"minecraft:cauldron":3,"minecraft:dandelion":24,"farmersdelight:wheat_dough":3,"minecraft:sugar_cane":10,"minecraft:cooked_chicken":6,"minecraft:golden_chestplate":2,"minecraft:stone_sword":2,"minecraft:wheat":138,"minecraft:stone_shovel":1,"minecraft:chicken":4,"minecraft:rotten_flesh":10,"minecraft:iron_boots":14,"minecraft:oak_planks":55,"minecraft:cooked_mutton":4,"minecraft:azure_bluet":4,"minecraft:carrot":2,"minecraft:suspicious_stew":7,"minecraft:chainmail_chestplate":8,"minecraft:poppy":3,"minecraft:shield":4,"minecraft:oak_button":1,"minecraft:allium":69,"minecraft:diamond_chestplate":2,"minecraft:diamond_pickaxe":1,"minecraft:iron_chestplate":3,"minecraft:andesite":3,"minecraft:oak_sapling":35,"minecraft:acacia_sapling":1,"minecraft:oak_boat":9,"minecraft:chainmail_boots":10,"minecraft:golden_sword":2,"minecraft:barrel":42,"minecraft:arrow":2,"minecraft:bow":2,"minecraft:wooden_pickaxe":1},"minecraft:killed":{"minecraft:spider":2,"minecraft:horse":1,"minecraft:skeleton":9,"minecraft:cat":1,"minecraft:iron_golem":4,"minecraft:bat":4,"minecraft:creeper":2,"minecraft:sheep":3,"minecraft:pillager":1,"minecraft:zombie":17,"minecraft:cow":5},"minecraft:used":{"minecraft:oak_trapdoor":8,"minecraft:stone_sword":23,"minecraft:stone_shovel":203,"minecraft:oak_sign":1,"minecraft:chest":51,"minecraft:shield":31,"minecraft:iron_sword":62,"minecraft:stone_hoe":350,"minecraft:iron_chestplate":1,"minecraft:dirt":1022,"minecraft:golden_chestplate":1,"minecraft:tuff":2,"minecraft:milk_bucket":1,"minecraft:lava_bucket":1,"minecraft:iron_axe":154,"minecraft:iron_helmet":1,"minecraft:iron_boots":1,"minecraft:barrel":33,"minecraft:tripwire_hook":2,"minecraft:golden_carrot":8,"minecraft:furnace":7,"minecraft:egg":7,"minecraft:cooked_beef":18,"minecraft:cobbled_deepslate":3,"minecraft:acacia_planks":40,"minecraft:iron_leggings":1,"minecraft:cooked_mutton":4,"minecraft:wheat_seeds":238,"minecraft:water_bucket":135,"minecraft:diorite":8,"minecraft:stone_pickaxe":261,"minecraft:oak_planks":224,"minecraft:wooden_pickaxe":15,"minecraft:sugar_cane":27,"minecraft:fletching_table":2,"minecraft:crafting_table":8,"minecraft:white_bed":6,"minecraft:shears":1,"minecraft:lever":1,"minecraft:diamond_pickaxe":2864,"minecraft:apple":1,"minecraft:bread":55,"minecraft:string":4,"minecraft:iron_pickaxe":1085,"minecraft:gravel":280,"minecraft:stone_axe":141,"minecraft:cobblestone":388,"minecraft:white_banner":1,"minecraft:cooked_porkchop":8,"minecraft:bucket":138,"minecraft:yellow_bed":1,"minecraft:oak_boat":1},"minecraft:crafted":{"minecraft:golden_carrot":51,"minecraft:cookie":144,"minecraft:oak_planks":1788,"minecraft:chainmail_helmet":7,"minecraft:stone_shovel":6,"minecraft:barrel":47,"minecraft:tripwire_hook":2,"minecraft:cooked_chicken":4,"minecraft:furnace":3,"minecraft:lever":1,"minecraft:cooked_mutton":8,"minecraft:suspicious_stew":7,"minecraft:oak_trapdoor":4,"minecraft:iron_boots":12,"minecraft:diamond_helmet":3,"minecraft:diamond_leggings":3,"minecraft:iron_axe":1,"minecraft:stone_pickaxe":2,"minecraft:chest":53,"minecraft:diamond_boots":1,"minecraft:oak_button":1,"minecraft:stone_hoe":3,"minecraft:wheat":288,"minecraft:cooked_beef":19,"minecraft:oak_slab":384,"minecraft:emerald":397,"minecraft:cooked_porkchop":11,"minecraft:crafting_table":2,"minecraft:wooden_pickaxe":1,"minecraft:iron_helmet":1,"minecraft:iron_sword":1,"minecraft:chainmail_chestplate":8,"minecraft:fletching_table":11,"minecraft:bucket":1,"minecraft:stone_axe":1,"farmersdelight:wheat_dough":3,"minecraft:air":0,"minecraft:bread":416,"minecraft:oak_boat":8,"minecraft:iron_chestplate":2,"minecraft:diamond_pickaxe":2,"minecraft:shield":3,"minecraft:stick":1100,"minecraft:iron_ingot":99,"minecraft:chainmail_boots":10,"minecraft:iron_pickaxe":5,"minecraft:stone_sword":1,"minecraft:gold_ingot":9,"minecraft:iron_leggings":1,"minecraft:white_bed":1,"minecraft:acacia_planks":40,"minecraft:shears":1,"minecraft:diamond_chestplate":3}},"DataVersion":3465}