{"stats":{"minecraft:mined":{"minecraft:white_bed":21,"minecraft:oak_sapling":31,"minecraft:farmland":3,"minecraft:obsidian":28,"minecraft:granite":38,"minecraft:acacia_log":10,"minecraft:grass_block":5018,"minecraft:deepslate_bricks":1,"minecraft:composter":1,"minecraft:oak_wall_sign":1,"minecraft:oxeye_daisy":10,"minecraft:spawner":2,"minecraft:raw_iron_block":2,"minecraft:iron_ore":148,"minecraft:cobbled_deepslate":13,"minecraft:fire":1,"minecraft:barrel":77,"minecraft:deepslate_lapis_ore":9,"minecraft:fletching_table":5,"minecraft:azure_bluet":4,"minecraft:dirt_path":14,"minecraft:water_cauldron":5,"minecraft:oak_stairs":70,"minecraft:birch_wall_sign":3,"minecraft:tripwire":5,"minecraft:deepslate_redstone_ore":75,"minecraft:smoker":1,"minecraft:torch":10,"minecraft:blast_furnace":1,"minecraft:poppy":3,"minecraft:chest":10,"minecraft:cobblestone":292,"minecraft:oak_planks":108,"minecraft:sugar_cane":106,"minecraft:wall_torch":1,"minecraft:cauldron":1,"minecraft:wheat":2272,"minecraft:stripped_oak_wood":1,"minecraft:grass":1678,"minecraft:oak_log":169,"minecraft:oak_fence_gate":1,"minecraft:sand":1903,"minecraft:dirt":4104,"minecraft:netherrack":2,"minecraft:oak_leaves":5,"minecraft:deepslate":6434,"minecraft:diamond_ore":1,"minecraft:tuff":142,"minecraft:mossy_cobblestone":2,"minecraft:deepslate_diamond_ore":58,"farmersdelight:wild_carrots":2,"minecraft:allium":18,"minecraft:birch_slab":5,"minecraft:kelp":1,"minecraft:hay_block":4,"farmersdelight:wild_onions":21,"minecraft:redstone_ore":4,"minecraft:oak_trapdoor":87,"minecraft:furnace":13,"minecraft:andesite":87,"minecraft:gold_block":1,"minecraft:bookshelf":8,"minecraft:deepslate_iron_ore":345,"minecraft:rail":1,"minecraft:stone":5581,"minecraft:white_wool":122,"minecraft:smithing_table":2,"minecraft:oak_slab":14,"minecraft:glass_pane":3,"minecraft:dandelion":28,"minecraft:oak_fence":3,"minecraft:cornflower":5,"minecraft:crafting_table":9,"minecraft:lectern":1,"minecraft:copper_ore":17,"minecraft:tall_grass":145,"minecraft:deepslate_gold_ore":71,"minecraft:lapis_ore":1,"minecraft:diorite":43,"minecraft:birch_planks":30,"minecraft:yellow_bed":1,"minecraft:coal_ore":310,"minecraft:sunflower":4,"minecraft:gravel":693,"minecraft:cobweb":1,"minecraft:gold_ore":8},"minecraft:killed_by":{"minecraft:creeper":2,"minecraft:player":1},"minecraft:custom":{"minecraft:interact_with_crafting_table":155,"minecraft:open_barrel":20,"minecraft:leave_game":8,"minecraft:time_since_death":573600,"minecraft:sprint_one_cm":2685069,"minecraft:damage_blocked_by_shield":3495,"minecraft:drop":432,"minecraft:talked_to_villager":502,"minecraft:play_time":919583,"minecraft:deaths":4,"minecraft:jump":19530,"minecraft:walk_on_water_one_cm":140322,"minecraft:interact_with_furnace":206,"minecraft:traded_with_villager":1718,"minecraft:sleep_in_bed":50,"minecraft:damage_dealt":36328,"minecraft:player_kills":1,"minecraft:crouch_one_cm":157577,"minecraft:interact_with_smoker":5,"minecraft:interact_with_anvil":17,"minecraft:mob_kills":183,"minecraft:inspect_hopper":7,"minecraft:walk_one_cm":2943434,"minecraft:sneak_time":46152,"minecraft:walk_under_water_one_cm":166023,"minecraft:boat_one_cm":26283,"minecraft:total_world_time":919583,"minecraft:interact_with_grindstone":2,"minecraft:time_since_rest":7385,"minecraft:damage_taken":7865,"minecraft:swim_one_cm":229835,"minecraft:fly_one_cm":4701407,"minecraft:open_chest":685,"minecraft:fall_one_cm":426688},"minecraft:dropped":{"minecraft:iron_sword":1,"minecraft:birch_planks":2,"minecraft:lapis_lazuli":5,"minecraft:diamond":2,"minecraft:crafting_table":1,"minecraft:cooked_porkchop":6,"minecraft:cookie":144,"minecraft:leather":6,"minecraft:fletching_table":11,"minecraft:rail":1,"minecraft:birch_slab":10,"minecraft:flint":14,"minecraft:dirt":55,"minecraft:cornflower":5,"farmersdelight:onion":22,"minecraft:sunflower":2,"minecraft:sand":1636,"minecraft:iron_pickaxe":3,"minecraft:glistering_melon_slice":10,"minecraft:white_wool":64,"minecraft:cauldron":3,"minecraft:bone":10,"minecraft:gravel":66,"minecraft:sugar_cane":10,"minecraft:cooked_chicken":6,"minecraft:golden_chestplate":2,"minecraft:cobbled_deepslate":62,"minecraft:wheat":138,"minecraft:rotten_flesh":25,"minecraft:oak_planks":55,"minecraft:cooked_mutton":4,"minecraft:azure_bluet":4,"minecraft:white_bed":6,"minecraft:carrot":2,"minecraft:chainmail_chestplate":8,"minecraft:poppy":3,"minecraft:deepslate_tiles":256,"minecraft:gunpowder":8,"minecraft:acacia_sapling":1,"minecraft:chainmail_boots":10,"farmersdelight:rope":1,"minecraft:arrow":22,"minecraft:beef":15,"minecraft:enchanted_book":1,"minecraft:water_bucket":2,"minecraft:stone_hoe":1,"minecraft:golden_boots":1,"minecraft:bread":1224,"minecraft:oak_slab":290,"minecraft:wheat_seeds":1122,"minecraft:golden_helmet":1,"minecraft:diamond_leggings":3,"minecraft:iron_helmet":2,"minecraft:cobblestone":230,"minecraft:book":3,"minecraft:granite":19,"minecraft:chainmail_helmet":7,"minecraft:coal":69,"minecraft:stick":105,"minecraft:oxeye_daisy":9,"farmersdelight:golden_knife":1,"minecraft:diorite":6,"minecraft:golden_carrot":56,"minecraft:torch":1,"minecraft:diamond_helmet":3,"minecraft:iron_leggings":3,"minecraft:iron_axe":8,"minecraft:iron_shovel":1,"minecraft:paper":3,"minecraft:string":355,"minecraft:pink_petals":9,"minecraft:polished_deepslate":18,"minecraft:dandelion":24,"farmersdelight:wheat_dough":3,"minecraft:furnace":7,"minecraft:oak_trapdoor":256,"minecraft:stone_sword":2,"minecraft:raw_copper":2,"minecraft:deepslate":1,"minecraft:tuff":124,"minecraft:stone_shovel":16,"minecraft:chicken":4,"minecraft:iron_boots":14,"minecraft:stone_slab":5,"farmersdelight:straw":1,"minecraft:oak_sign":2,"minecraft:flint_and_steel":1,"minecraft:suspicious_stew":7,"minecraft:blast_furnace":1,"minecraft:shield":5,"minecraft:oak_button":1,"minecraft:allium":69,"minecraft:diamond_chestplate":3,"minecraft:diamond_pickaxe":1,"minecraft:iron_chestplate":3,"minecraft:andesite":49,"minecraft:oak_sapling":103,"minecraft:oak_boat":9,"minecraft:golden_sword":2,"minecraft:spider_eye":4,"minecraft:barrel":42,"minecraft:diamond_boots":1,"minecraft:bow":4,"minecraft:wooden_pickaxe":1},"minecraft:broken":{"minecraft:stone_pickaxe":2,"minecraft:diamond_pickaxe":1,"minecraft:stone_axe":1,"minecraft:stone_shovel":1,"minecraft:iron_hoe":2,"minecraft:stone_hoe":7,"minecraft:shield":1,"minecraft:iron_axe":2,"minecraft:iron_pickaxe":20},"minecraft:used":{"minecraft:oak_sign":1,"minecraft:chest":55,"minecraft:shield":57,"minecraft:iron_sword":182,"minecraft:iron_chestplate":1,"minecraft:tuff":5,"minecraft:obsidian":15,"minecraft:milk_bucket":1,"minecraft:lava_bucket":4,"minecraft:iron_helmet":1,"minecraft:deepslate_diamond_ore":17,"minecraft:birch_trapdoor":12,"minecraft:furnace":17,"minecraft:egg":16,"minecraft:diorite":8,"minecraft:diamond_boots":1,"minecraft:oak_planks":405,"minecraft:stone_pickaxe":261,"minecraft:wooden_pickaxe":15,"minecraft:composter":1,"minecraft:sugar_cane":42,"minecraft:white_wool":142,"minecraft:deepslate_redstone_ore":32,"minecraft:deepslate_lapis_ore":4,"minecraft:shears":1,"minecraft:lever":1,"minecraft:birch_slab":5,"minecraft:string":14,"minecraft:deepslate_iron_ore":52,"minecraft:bread":55,"minecraft:lectern":7,"minecraft:deepslate":809,"minecraft:gravel":423,"minecraft:diamond_sword":183,"minecraft:grindstone":1,"minecraft:smithing_table":2,"minecraft:andesite":12,"minecraft:oak_boat":1,"minecraft:oak_fence":12,"minecraft:oak_trapdoor":189,"minecraft:stone_sword":23,"minecraft:flint_and_steel":12,"minecraft:stone_shovel":203,"minecraft:deepslate_gold_ore":10,"minecraft:stone_hoe":2314,"minecraft:torch":27,"minecraft:dirt":4079,"minecraft:anvil":3,"minecraft:raw_iron_block":1,"minecraft:golden_chestplate":1,"minecraft:granite":3,"minecraft:oak_fence_gate":5,"minecraft:iron_hoe":500,"minecraft:bookshelf":8,"minecraft:iron_axe":715,"minecraft:oak_stairs":68,"minecraft:iron_boots":1,"minecraft:barrel":102,"minecraft:diamond_chestplate":1,"minecraft:tripwire_hook":2,"minecraft:golden_carrot":143,"minecraft:cooked_beef":23,"minecraft:cobbled_deepslate":256,"minecraft:acacia_planks":40,"minecraft:iron_leggings":1,"minecraft:wheat_seeds":1383,"minecraft:cooked_mutton":4,"minecraft:water_bucket":494,"minecraft:iron_ore":3,"minecraft:birch_planks":54,"farmersdelight:golden_knife":8,"minecraft:fletching_table":14,"minecraft:deepslate_bricks":1,"minecraft:oak_slab":31,"minecraft:crafting_table":11,"minecraft:birch_sign":4,"minecraft:white_bed":32,"minecraft:smoker":1,"minecraft:oak_log":124,"minecraft:diamond_pickaxe":10343,"minecraft:apple":1,"minecraft:iron_pickaxe":5338,"minecraft:stone_axe":141,"minecraft:cobblestone":1086,"minecraft:porkchop":3,"minecraft:white_banner":2,"minecraft:cooked_porkchop":9,"minecraft:bucket":501,"minecraft:yellow_bed":1},"minecraft:crafted":{"minecraft:grindstone":1,"minecraft:oak_planks":2412,"minecraft:chainmail_helmet":7,"minecraft:barrel":47,"minecraft:cooked_chicken":4,"minecraft:birch_slab":24,"minecraft:stone":3,"minecraft:lever":1,"minecraft:bookshelf":14,"minecraft:cooked_mutton":8,"minecraft:suspicious_stew":7,"minecraft:glass":226,"minecraft:diamond_helmet":3,"minecraft:bow":1,"minecraft:diamond_leggings":3,"minecraft:iron_boots":12,"minecraft:chest":53,"minecraft:oak_button":1,"minecraft:stone_hoe":36,"minecraft:oak_fence":15,"minecraft:oak_slab":450,"minecraft:arrow":144,"minecraft:emerald":1487,"minecraft:cooked_porkchop":11,"minecraft:crafting_table":3,"minecraft:wooden_pickaxe":1,"minecraft:iron_helmet":1,"minecraft:chainmail_chestplate":8,"minecraft:gold_block":9,"minecraft:fletching_table":20,"farmersdelight:wheat_dough":3,"minecraft:emerald_block":14,"minecraft:lectern":6,"minecraft:iron_chestplate":2,"minecraft:book":21,"minecraft:paper":261,"minecraft:diamond_pickaxe":4,"minecraft:shield":4,"minecraft:stick":1464,"minecraft:stone_slab":6,"minecraft:iron_ingot":631,"minecraft:iron_pickaxe":25,"minecraft:iron_block":33,"minecraft:stone_sword":1,"minecraft:gold_ingot":87,"minecraft:deepslate_bricks":5008,"minecraft:shears":1,"minecraft:golden_carrot":210,"minecraft:cookie":144,"minecraft:coal":54,"minecraft:raw_iron":9,"minecraft:stone_shovel":19,"minecraft:tripwire_hook":2,"minecraft:furnace":11,"minecraft:diamond_block":5,"minecraft:oak_trapdoor":56,"minecraft:flint_and_steel":2,"minecraft:polished_deepslate":5008,"minecraft:iron_axe":9,"minecraft:iron_hoe":2,"minecraft:stone_pickaxe":2,"minecraft:diamond_boots":1,"minecraft:redstone_block":32,"minecraft:birch_sign":6,"minecraft:wheat":288,"minecraft:cooked_beef":19,"minecraft:coal_block":6,"minecraft:diamond_sword":1,"minecraft:iron_sword":1,"minecraft:bucket":2,"minecraft:deepslate_tiles":256,"minecraft:stone_axe":1,"minecraft:enchanted_book":23,"minecraft:bread":997,"minecraft:air":0,"minecraft:oak_fence_gate":4,"minecraft:oak_boat":8,"minecraft:white_wool":158,"minecraft:chainmail_boots":10,"minecraft:oak_stairs":68,"minecraft:birch_trapdoor":20,"minecraft:iron_leggings":1,"minecraft:anvil":3,"minecraft:white_bed":16,"minecraft:acacia_planks":40,"minecraft:torch":128,"minecraft:lapis_block":4,"minecraft:diamond_chestplate":3},"minecraft:picked_up":{"minecraft:iron_chestplate":3,"minecraft:wheat":1888,"minecraft:smithing_table":3,"minecraft:lead":2,"minecraft:oak_stairs":6,"minecraft:enchanted_book":1,"minecraft:golden_sword":2,"minecraft:polished_deepslate":18,"minecraft:string":19695,"minecraft:raw_copper":59,"minecraft:deepslate_lapis_ore":4,"minecraft:iron_leggings":4,"minecraft:oak_sign":3,"minecraft:cobbled_deepslate":5322,"minecraft:iron_pickaxe":4,"minecraft:deepslate_iron_ore":52,"minecraft:iron_boots":4,"minecraft:furnace":13,"minecraft:golden_helmet":1,"minecraft:stick":120,"minecraft:composter":1,"minecraft:oak_fence":3,"minecraft:torch":65,"minecraft:acacia_log":10,"minecraft:porkchop":3,"minecraft:diorite":180,"minecraft:golden_chestplate":1,"minecraft:cauldron":3,"minecraft:stone_sword":1,"minecraft:rotten_flesh":46,"farmersdelight:onion":22,"minecraft:obsidian":42,"minecraft:cod":2,"minecraft:cobblestone":5983,"minecraft:pink_petals":9,"minecraft:feather":12,"minecraft:cooked_beef":5,"minecraft:birch_slab":15,"minecraft:water_bucket":6,"minecraft:andesite":97,"minecraft:smoker":1,"minecraft:flint":73,"minecraft:tuff":129,"minecraft:lapis_lazuli":110,"minecraft:dirt":9157,"minecraft:name_tag":1,"minecraft:glass":59,"minecraft:bone":26,"minecraft:bow":24,"minecraft:wheat_seeds":7108,"minecraft:raw_gold":104,"minecraft:fletching_table":5,"minecraft:stone_hoe":1,"minecraft:oak_planks":236,"minecraft:cooked_porkchop":4,"minecraft:sand":2008,"minecraft:barrel":110,"minecraft:diamond":79,"minecraft:deepslate":810,"minecraft:deepslate_gold_ore":16,"minecraft:granite":22,"minecraft:bread":230,"minecraft:oak_sapling":119,"minecraft:netherrack":48,"minecraft:diamond_pickaxe":3,"minecraft:crafting_table":9,"minecraft:allium":69,"minecraft:azure_bluet":4,"minecraft:chicken":1,"minecraft:gold_block":1,"minecraft:shield":6,"minecraft:cornflower":5,"minecraft:oak_trapdoor":466,"minecraft:iron_axe":7,"minecraft:iron_shovel":1,"minecraft:deepslate_diamond_ore":17,"minecraft:beef":24,"farmersdelight:straw":1,"minecraft:oak_boat":8,"minecraft:poppy":4,"minecraft:lectern":1,"minecraft:sugar_cane":199,"minecraft:chest":22,"minecraft:egg":17,"minecraft:raw_iron":677,"minecraft:oak_door":1,"minecraft:carrot":2,"minecraft:redstone":288,"minecraft:arrow":47,"minecraft:stone_shovel":4,"minecraft:diamond_chestplate":1,"minecraft:deepslate_bricks":1,"minecraft:diamond_boots":1,"minecraft:hay_block":4,"minecraft:glistering_melon_slice":10,"minecraft:gold_ingot":6,"minecraft:mutton":6,"minecraft:rail":2,"minecraft:white_wool":124,"minecraft:oxeye_daisy":10,"minecraft:golden_carrot":9,"minecraft:glow_ink_sac":2,"minecraft:salmon":4,"minecraft:leather":57,"minecraft:birch_planks":30,"minecraft:oak_log":176,"minecraft:golden_boots":1,"minecraft:yellow_bed":1,"minecraft:gunpowder":16,"minecraft:paper":6,"minecraft:white_banner":2,"minecraft:apple":10,"minecraft:iron_ingot":23,"minecraft:oak_fence_gate":1,"minecraft:cooked_chicken":2,"minecraft:iron_ore":3,"minecraft:stripped_oak_wood":1,"minecraft:iron_sword":3,"minecraft:acacia_sapling":1,"minecraft:book":25,"minecraft:oak_slab":5,"minecraft:dandelion":24,"minecraft:raw_iron_block":2,"minecraft:gravel":648,"minecraft:blast_furnace":2,"minecraft:white_bed":22,"minecraft:spider_eye":5,"minecraft:iron_helmet":3,"minecraft:deepslate_redstone_ore":32,"minecraft:birch_sign":4,"minecraft:coal":513,"minecraft:ender_pearl":1,"minecraft:sunflower":18},"minecraft:killed":{"minecraft:spider":20,"minecraft:cod":2,"minecraft:skeleton":32,"minecraft:chicken":1,"minecraft:cat":1,"minecraft:piglin":2,"minecraft:pig":2,"minecraft:salmon":4,"minecraft:iron_golem":7,"minecraft:creeper":15,"minecraft:sheep":3,"minecraft:pillager":4,"minecraft:donkey":4,"minecraft:zombie":45,"minecraft:cow":17,"minecraft:horse":9,"minecraft:bat":5,"minecraft:wandering_trader":1,"minecraft:player":1,"minecraft:enderman":1}},"DataVersion":3465}